,품목,가격,세일가격
0, SOME BY MI AHA BHA PHA 30 Days Miracle Toner 150ml,24.00,17.99
1, COSRX AHA/BHA CLARIFYING TREATMENT TONER 150ml,17.25,11.99
2, COSRX BHA BLACKHEAD POWER LIQUID 100 ML,20.81,14.49
3, Pyunkang Yul Essence Toner 200ml,21.90,13.49
4, ROUND LAB 1025 Dokdo Toner 200ml,17.00,13.60
5, Beauty of Joseon Ginseng Essence Water 150ml,24.55,19.64
6, COSRX Full Fit Propolis Synergy Toner 150ml,28.00,12.89
7, Isntree Green tea Fresh Toner 200ml,19.90,15.92
8, Isntree Hyaluronic Acid Toner 200ml (Renewal),19.30,14.24
9, Anua Heartleaf 77% Soothing Toner 250ml,28.00,17.29
10, Haruharu WONDER Black Rice Hyaluronic Toner 150ml (Fragrance Free),22.00,15.40
11, COSRX AHA 7 WHITEHEAD POWER LIQUID 100ml,17.81,12.79
12, SOME BY MI AHA BHA PHA 30 Days Miracle Starter Kit Edition,28.00,19.60
13, COSRX CENTELLA WATER ALCOHOL FREE TONER 150ml,17.25,11.99
14, secretKey Fresh Toner 248ml,16.00,12.99
15, Isntree Hyaluronic Acid Toner Plus 200ml,24.10,13.32
16, COSRX Refresh AHA/BHA Vitamin C Daily Toner 150ml,28.00,12.99
17, Elizavecca Hell-Pore Clean up AHA Fruit Toner 200ml,14.00,9.99
18, COSRX Two In One Poreless Power Liquid 100ml,22.00,14.39
19, SOME BY MI Galactomyces Pure Vitamin C Glow Toner 200ml,34.00,25.50
20, Haruharu WONDER Black Rice Hyaluronic Toner 300ml,37.00,25.90
21, Pyunkang Yul Essence Toner 100ml,14.50,9.99
22, numbuzin No.3 Super Glowing Essence Toner 200ml,23.00,16.10
23, TIAM Vita B5 Toner 180ml,18.60,9.99
24, ROUND LAB 1025 Dokdo Toner 500ml,34.00,23.80
25, NACIFIC Fresh Herb Origin Kit,42.00,14.99
26, COSRX Balancium Comfort Ceramide Cream Mist 120ml,29.00,14.89
27, NACIFIC Phyto Niacin Whitening Kit,42.00,15.29
28, BLITHE Vital Treatment 8 Nourishing Beans 150ml,42.90,22.49
29, ONE THING NIACINAMIDE 10% 150ml,18.96,10.99
30, SKIN1004 Madagascar Centella Toning Toner 210ml,20.00,17.00
31, AXIS-Y The Mini Glow Set,7.99,6.79
32, ROUND LAB Soybean Nourishing Toner 300ml,27.00,18.90
33, NEOGEN DERMALOGY Real Cica Pad 90ea,17.90,13.99
34, SOME BY MI Snail Truecica Miracle Repair Toner 135ml,24.00,18.00
35, ROUND LAB Mugwort Calming Toner 300ml(Renewal),27.00,22.95
36, SOME BY MI Snail Truecica Miracle Repair Starter Kit Edition,28.00,21.00
37, COSRX Full Fit Propolis Synergy Toner 50ml,9.00,7.65
38, ONE THING Centella Asiatica Extract 300ml,30.58,25.99
39, ROUND LAB 1025 Dokdo Toner 100ml,13.55,8.00
40, MISSHA Vita C Plus Ascorbic Acid Brightening Toner 200ml,19.66,16.71
41, TIAM AC Fighting AHA BHA PHA Toner 180ml,18.70,15.89
42, BLITHE Vital Treatment 5 Energy Roots 150ml,37.60,19.99
43, Anua Heartleaf 77% Soothing Toner 500ml,42.00,35.70
44, COSRX Pure Fit Cica Toner 150ml,22.00,18.70
45, secretKey Hyaluron Aqua Soft Toner 500ml,22.00,18.70
46, BENTON Snail Bee High Content Skin Toner 150ml,19.00,16.15
47, ROUND LAB Birch Juice Moisturizing Toner 300ml,25.00,21.25
48, Pyunkang Yul Mist Toner 200ml,22.10,18.78
49, Anua Heartleaf 77% Clear Pad 160ml,30.00,25.50
50, Pyunkang Yul Mist Toner 100ml,14.31,12.16
51, Nature Republic Soothing & Moisture Aloe Vera 92% Soothing Gel Mist 155ml,10.50,8.92
52, Isntree Hyaluronic Acid Toner 400ml (Renewal),34.90,29.66
53, PURITO Centella Green Level Calming Toner 200ml,27.00,22.95
54, PURITO Centella Unscented Toner 200ml,26.86,22.83
55, A'PIEU Raspberry Vinegar Hair Mist 105ml,16.07,14.46
56," Logically, Skin Aquatide Multi-Purpose Toner Mist 200ml",42.00,35.70
57, COSRX Hydrium Watery Toner 150ml,28.00,23.80
58, COSRX AC Collection Calming Liquid Intensive 125ml,26.00,22.10
59, ONE THING Artemisia Capillaris Extract 300ml,30.58,25.99
60, COSRX AC Collection Calming Liquid Mild 125ml,26.00,22.10
61, MANYO FACTORY Galac Whitening Vita Toner 210ml,19.00,16.15
62, iUNIK Vitamin Hyaluronic Acid Vitalizing Toner 200ml,21.99,18.69
63, NACIFIC Real Calendula Floral Toner 180ml,26.00,22.10
64, Isntree Aloe Soothing Toner 200ml,19.90,16.91
65, SKIN1004 Madagascar Centella Toning Toner 400ml,33.00,28.05
66, ETUDE Moistfull Collagen Facial Toner 200ml,19.23,16.35
67, THANK YOU FARMER Rice Pure Essential Toner 200ml,28.00,23.80
68, BLITHE VItal Treatment 9 Essential Seeds 150ml,40.80,19.99
69, Abib Heartleaf Calming Toner Skin Booster 200ml,23.00,16.10
70, Pyunkang Yul Calming Deep Moisture Toner 150ml,15.00,12.75
71, SOME BY MI Propolis B5 Glow Barrier Calming Toner 150ml,22.00,16.50
72, ROVECTIN Cica Care Purifying Toner 260ml,24.00,20.40
73, Haruharu WONDER Black Bamboo Mist 150ml,27.00,18.90
74, MISSHA Glow Skin Balm To Go Mist 80ml,21.48,18.26
75, Haruharu WONDER Black Bamboo Mist 80ml,15.62,10.93
76, ETUDE Wonder Pore Freshner 250ml,15.19,12.91
77, numbuzin No.3 Super Glowing Essence Toner 100ml,13.00,9.10
78, Dr.Jart+ Ctrl-A Teatreement Toner 120ml,25.00,21.25
79, ROUND LAB 1025 Dokdo Pad 70ea,24.00,20.40
80, CARYOPHY Portulaca Toner 300ml,24.00,20.40
81, ONE THING Houttuynia Cordata Extract 300ml,30.58,25.99
82, Huxley TONER EXTRACT IT 120ml,32.00,27.20
83, ONE THING Centella Asiatica Extract 150ml,20.54,17.46
84, BENTON Aloe BHA Skin Toner 200ml (22AD),19.00,16.15
85, MISSHA Cicadin Hydro pH Toner 165ml,17.16,14.59
86, celimax The Real Noni Energy Ampoule Mist 50ml,16.00,13.60
87, NACIFIC Fresh Herb Origin Toner 150ml,26.00,22.10
88, HOLIKA HOLIKA Good Cera Super Ceramide Toner 180ml,20.16,17.14
89, TIAM Vita B3 Mist Toner 200ml,18.00,15.30
90, [SET] numbuzin No.3 Toner + Serum Set,61.00,42.70
91, ETUDE Wonder Pore Freshner 500ml,24.88,21.15
92, NACIFIC Fresh Cica Plus Clear Toner 150ml,26.00,22.10
93, KAINE Kombu Balancing Ampoule Toner 150ml,28.80,24.48
94, Dr.Ceuracle Vegan Kombucha Tea Special Set,79.00,75.05
95, Abib Pine Needle Pore Pad Clear Touch 60ea (145ml),24.00,16.80
96, NACIFIC Phyto Niacin Whitening Toner 150ml,26.00,22.10
97, numbuzin No.1 Centella Re-Leaf Green Toner Pad 190ml (70pad),25.00,17.50
98, ONE THING Galactomyces Ferment Filtrate 150ml,33.00,28.05
99, celimax Jiwoogae Heartleaf BHA Peeling Pad 60pcs (22AD),17.50,14.87
100, NEOGEN Dermalogy Real Ferment Micro Toner 150ml,22.00,17.60
101, ONE THING Propolis + Honey Extract 300ml,30.58,25.99
102, Pyunkang Yul ACNE Toner 150ml,18.00,15.30
103, SKINFOOD Royal Honey Propolis Enrich Toner 160ml,30.30,25.75
104, SKIN1004 Madagascar Centella Hyalu Cica Brightening Toner 210ml,22.00,18.70
105, Isntree Ultra-Low Molecular Hyaluronic Acid Toner 300ml,23.30,19.80
106, SKINFOOD Royal Honey Propolis Enrich Cream Mist 120ml,28.30,24.05
107, COSRX Hydrium Watery Toner 50ml,9.00,7.65
108, iUNIK Rose Galactomyces Essential Toner 200ml,21.99,18.69
109, MISSHA Bee Pollen Renew Ampoule Skin 150ml,22.16,18.84
110, SOME BY MI AHA BHA PHA 30 Days Miracle Travel Kit,22.50,16.87
111, MISSHA Perfumed shower Cologne 105ml,10.16,8.64
112, It's skin Hyaluronic Acid Moisture Toner 150ml,19.00,16.15
113, I'M FROM Rice Toner 150ml,28.00,19.60
114, SKIN1004 Madagascar Centella Hyalu-Cica Cloudy Mist 120ml,21.50,18.27
115, Isntree YAM ROOT VEGAN MILK TONER 200ml,24.10,20.48
116, SOME BY MI Super Matcha Pore Tightening Toner 150ml,29.00,21.75
117, MISSHA Super Aqua Ultra Hyalron Skin Essence 200ml,23.16,19.69
118, VT Cica Mild Toner Pad 130ml / 60ea,14.40,12.96
119, ETUDE Moistfull Collagen Intense Toner 200ml,25.00,21.25
120, numbuzin No.1 Pure-Full Calming Herb Toner 100ml,13.00,9.10
121, VT Cica Mild Toner Pad Refill 130ml / 60ea,10.56,9.50
122, ROVECTIN Clean Lotus Water Calming Toner 200ml,22.00,18.70
123, Mary&May Vitamin B5+Bifida Toner 120ml,19.50,16.57
124, PURITO Oat-in Silky Toner 200ml,25.00,21.25
125, SKIN1004 Madagascar Centella Hyalu-Cica Brightening Toner 30ml,6.00,5.10
126, Isntree Onion New pair Essence Toner 200ml,27.70,23.54
127, SKIN1004 Madagascar Centella Tea-Trica Purifying Toner 210ml,19.00,16.15
128, SNP Prep Peptaronic Toner 320ml (22AD),22.00,18.70
129, SKIN1004 Madagascar Centella Poremizing Clear Toner 210ml,21.00,17.85
130, MISSHA Radiance Perfect-Fit Mist & Fixer 80ml,17.16,14.59
131, ONE THING Hyaluronic Acid Complex 150ml,23.52,19.99
132, ROUND LAB 1025 Dokdo On The Go Kit,25.00,21.25
133, SCINIC First Treatment Mist 120ml,17.00,14.45
134, ONE THING Calendula Officinalis Flower Extract 300ml,30.58,25.99
135, numbuzin No.1 Pure-Full Calming Herb Toner 300ml,23.00,16.10
136, SKIN1004 Madagascar Centella Tone Brightening Boosting Toner 210ml,24.00,20.40
137, NACIFIC Pink AHA BHA Toner 150ml,26.00,22.10
138, numbuzin No.3 Radiance Glowing Jumbo Essence Pad 150ml/ 70Pads,26.00,18.20
139, MISSHA Bee Pollen Renew Treatment 150ml,21.66,18.41
140, WELLDERMA RETINOL PEPTIDE LIFTING RESTORE ESSENCE TONER 150ml,48.60,34.02
141, Mary&May Rose Collagen Mist Serum 100ml,23.50,19.97
142, ONE THING Artemisia Capillaris Extract 150ml,20.54,17.46
143, Isntree Chestnut BHA 0.9% Clear Toner 200ml,20.20,17.17
144, MAY ISLAND 7 Days Secret Centella Cica Toner 155ml,16.50,14.02
145, ONE THING Citrus Unshiu Fruit Extract 300ml,30.58,25.99
146, skin79 Golden Snail Intensive Toner 130ml,27.00,22.95
147, Huxley Brightening Trio Set,98.99,94.04
148, ONE THING Camellia Sinensis Leaf Extract 300ml,30.58,25.99
149, Dr.Ceuracle Tea Tree Purifine 70 Toner 100ml,28.00,28.00
150, ONE THING Propolis + Honey Extract 150ml,18.96,16.12
151, Carenology95 RE,29.00,24.65
152, SCINIC The Simple Calming Toner 145ml,18.00,15.30
153, Huxley Hydration Trio Set,98.99,94.04
154, THE PLANT BASE Pore N Turn-Over 28 AHA BHA Toner 150ml,20.00,17.00
155, Aromatica Vitalizing Rosemary Decoction Toner 300ml,24.00,20.40
156, ETUDE Soonjung Relief Cica Toner Pad 70pcs,30.00,25.50
157, BONAJOUR Eggplant BHA Daily Toner 205ml,23.53,20.00
158, Dr.G Red Blemish Clear Soothing Toner 300ml,29.00,24.65
159, mixsoon Galactomyces Toner 300ml,19.00,15.20
160, AXIS-Y Daily Purifying Treatment Toner 200ml,25.00,21.25
161, BLITHE INBETWEEN Aurora Second Skin Primer & Setting Mist 82ml,28.99,24.64
162, COSRX Low pH Niacinamide Micellar Cleansing Water 400ml,23.50,19.97
163, Anua Birch Moisture Boosting Toner 250ml,24.00,20.40
164, TIAM AC Fighting PHA 12 Purifying Liquid 80ml,23.00,19.55
165, RiRe Pore Tightening Fresh Toner 300ml,18.00,15.30
166, Dr.Ceuracle Hyal Reyouth Toner 120ml,28.00,28.00
167, mixsoon Centella Asiatica Toner 300ml,19.00,15.20
168, BANOBAGI Rejuvenating Vital Skin Softener 120ml,47.50,40.37
169, NACIFIC Origin Red Salicylic Acid Toner 150ml,24.00,20.40
170, innisfree Brightening Pore Skin 150ml,25.43,21.62
171, Huxley Extra Moisture Trio Set,105.00,99.75
172, mixsoon Bifida Toner 300ml,19.00,15.20
173, feelxo Glacier Centella Ampoule Toner 200ml,17.00,14.45
174, Abib Sedum hyaluron pad Hydrating Touch 165ml,24.00,16.80
175, TOSOWOONG Dr. Troubex Blemish Pad (70pcs in a box),23.08,19.62
176, Dr.Ceuracle Pro Balance Biotics Toner 300ml,30.00,30.00
177, berrisom Essential Boosting Toner 265ml,17.00,14.45
178, Real Barrier Aqua Soothing Ampoule Pad 90ml (70ea),30.00,13.20
179, AHOHAW Control Clinical Toner 140ml,32.10,27.28
180, PCALM Barrier_cycle Toner 200ml,38.00,32.30
181, SKIN&LAB Porebarrier Clear Pad 70ea,20.00,18.00
182, Celimax JI WOO GAE Cica BHA Blamish Toner Pad 60pcs,25.00,21.25
183, Mary&May Vegan CICA Tea Tree AHA PHA Blemish Toner 200ml,27.00,22.95
184, Dr.G Red Blemish Clear Quick Soothing Pad 70ea,25.00,21.25
185, ONE THING Houttuynia Cordata Extract 150ml,20.54,17.46
186, VT Cica Mild Toner Pad Spring Edition 60ea,15.00,13.50
187, Wellage Real Cica Calming Big Embo Toner Pad 160ml,21.00,17.85
188, I'm Sorry For My Skin Relaxing Toner Calming 200ml,25.00,21.25
189, Wish Formula Day Day 365 All In One Boosting Pad Mask 28pads,25.11,21.34
190," Dear, Klairs Supple Preparation Unscented Toner 180ml",22.00,18.70
191, BANOBAGI Milk Thistle Repair Toner 200ml,32.80,27.88
192, ONE THING Calendula Officinalis Flower Extract 150ml,18.96,16.12
193, Anua Peach 77% Naiacin Essence Toner 250ml,25.00,21.25
194, SOME BY MI BETA PANTHENOL REPAIR TONER 150ml,22.50,16.87
195, Huxley Essential Mist Sense Of Balance 35ml,21.00,17.85
196, Cell Fusion C Tre.AC pH Condition Toner 200ml,24.00,20.40
197, WellDerma SAPPHIRE COLLAGEN IMPACT HYDRO TONER 100ml,45.00,31.50
198, Troiareuke Healing Cocktail Ampoule Toner 200ml,100.00,85.00
199, Anua Birch Moisture Boosting Pad 70ea,26.00,22.10
200, ROUND LAB For Men Birch Juice Moisturizing Toner 200ml,26.00,22.10
201, Huxley Oil Mist Sense Of Balance 35ml,21.00,17.85
202, so natural Vegan Make up Calm Fixx 100ml,19.20,16.32
203, By Wishtrend Mandelic Acid 5% Skin Prep Water 120ml,22.00,17.60
204, NACIFIC Uyu Cream Toner 150ml,25.00,21.25
205, KSECRET Calamine 30 Days Secret Toner 160ml,20.00,17.00
206, ONEOSEVEN Micro Drizzle Hydro Toner 180ml,35.00,35.00
207, Wellage Real Hyaluronic Blue Toner Pad 210ml,23.00,19.55
208, ONE THING COIX LACRYMA-JOBIMA-YUEN SEED EXTRACT 150ml,18.96,16.12
209, TOUN28 +/- pH Balancing Toner 100ml,16.80,14.28
210, ONE THING Camellia Sinensis Leaf Extract 150ml,18.96,16.12
211, THANK YOU FARMER True Water Vita Mist 105ml,24.00,20.40
212, TOSOWOONG Men's Booster Repair Skin Toner Lotion Set,59.99,56.99
213, B_LAB Matcha Hydrating Facial Toner 200ml,16.00,13.60
214, Papa Recipe Eggplant Clearing Peeling Pad Toner 70pads (22AD),28.00,23.80
215, ONE THING Citrus Unshiu Fruit Extract 150ml,20.54,17.46
216, VONIN Majesta Recovery Fluid 150ml,59.99,50.99
217, RiRe All Kill Toner Pad 70ea,15.50,13.17
218, Aromatica Tea Tree Balancing Toner 200ml (Renewal),32.00,27.20
219, IOPE Derma Trouble Toner 200ml,29.66,25.21
220, SKIN&LAB Tricicabarrier Soothing Toner 150ml,18.00,16.20
221, Anua HEARTLEAF 77% SOOTHING TONER 40ml,5.00,4.25
222, Mary&May Vegan CICA Tea Tree Toner Special Set 200ml+30ml+Eye cream 12g,28.99,24.64
223, ONEOSEVEN Dewy Glow Serum Mist 50ml,58.00,57.99
224," Dear, Klairs Supple Preparation Facial Toner 180ml",22.00,18.70
225, ROUND LAB Pine Calming Cica Pad 50pcs,28.00,23.80
226, SCINIC Cicanoid Toner 150ml,20.00,17.00
227, Ciracle Base Toner pH5.6 105.5ml,23.48,19.96
228, BLITHE Vital Treatment 6 Calming Leaves 150ml,34.00,28.90
229, Carenology95 SEA,31.00,26.35
230, PURITO DermHA-3 Liquid 200ml,26.86,22.83
231, Carenology95 RE,42.00,35.70
232, MIGUHARA Hyalucollagen Essence Mist Origin 80ml,16.00,13.60
233, THE PLANT BASE Nature Solution Hydrating Bamboo Water 160ml,20.00,17.00
234, BONAJOUR No Sebum Bbosong Mist 50ml,18.82,16.00
235, HOLIKA HOLIKA Prime Youth Black Snail Repair Toner 160ml,30.16,25.64
236, MISSHA Bee Pollen Renew Mist Ampoule 100ml,28.00,23.80
237, FRUDIA Green Grape Pore Control Toner 195g,19.50,18.52
238, Dr.Ceuracle Cica Regen 92 Toner 120ml,25.00,25.00
239, THANK YOU FARMER True Water Deep Toner 150ml,32.00,27.20
240, SNP Prep Clayronic Pore Toner 220ml,19.38,16.47
241, VT Cica Blackhead Cleanser 100ml,17.28,15.55
242, Real Barrier Aqua Soothing Toner 190ml,26.43,12.95
243, daymellow Aqualron Watery Toner 300ml,21.00,17.85
244, O HUI Miracle Aqua Skin Softener 150ml,36.98,31.43
245, MIGUHARA Ultra Whitening Perfection Skin Origin 400ml,35.00,29.75
246, Wish Formula Fermented Hydra Essential Toner 180ml,25.26,21.47
247, SUM 37 Secret EX Set,120.00,114.00
248, JAUNKYEOL HERITAGE COCENTRATE CALMING TONER 250ml,39.00,12.48
249, SKINFOOD Pantothenic Water Parsley TONER 300ml,34.60,29.41
250, ATHE Vitalc-Some™ Toning Capsule Toner 130ml,36.00,16.92
251, feelxo Glacier Centella Ampoule Toner 50ml,15.00,12.75
252, Hanyul Redrice Essential Toner 150ml,40.00,34.00
253, Abib Rebalancing Toner Skin Booster 200ml,26.00,18.20
254, DEMAR3 Signature Vit Roise Toner 150ml,30.00,25.50
255, Sulwhasoo Timetreasure Invigorating Water EX 125ml,92.98,79.03
256, SOME BY MI Yuja Niacin Anti-Blemish Starter Kit,31.00,23.25
257," Toun28 Propolis + Vitamin C, B3, B5, B6 Balancing Toner",22.00,18.70
258, Real Barrier Extreme Essence Toner 200ml,30.00,14.70
259, THE PLANT BASE AC Clear Pure N Skin 180ml,18.00,15.30
260, Papa Recipe Eggplant Clearing Peeling Pad Toner Refill 35pads,18.00,15.30
261, SKINFOOD Black Sugar Perfect Toner 2x For Men 180ml,24.00,20.40
262, AHOHAW Recovery Booster Solution 140ml,35.30,30.00
263, SCINIC Snail Matrix Skin 150ml,15.00,12.75
264, Wish Formula Optima 7 Pad 50sheets,18.18,15.45
265, O HUI The First Geniture Set (3 items),240.00,228.00
266, SOME BY MI Yuja Niacin 30 Days Miracle Brightening Toner 150ml,27.00,20.25
267, Troiareuke ACSEN TOC Toner 100ml,43.00,36.55
268, HOLIKA HOLIKA Gold Kiwi Vita C+ Brightening Toner 150ml,34.16,29.04
269, daymellow Amazon Belief Balancing Peeling Pad 70pcs,23.00,19.55
270, Reduire Trouble Relieving Toner 250ml,19.00,16.15
271, THANK YOU FARMER Miracle Age Repair Toner 150ml,40.00,34.00
272, TOSOWOONG SOS Tightening PORE Clinic Witch Hazel Pore Toner 80ml,23.00,19.55
273, PETITFEE Beautifying Toner 150ml,15.00,12.75
274, THANK YOU FARMER True Water Light Toner 155ml,29.00,24.65
275, su,100.00,85.00
276, THANK YOU FARMER Phyto Relieful™ Cica Toner Pad 200ml (100pads),33.00,28.05
277, MIGUHARA Green Tea Calming Essence Toner Origin 200ml,38.00,32.30
278, AXIS-Y Biome Comforting Infused Toner 200ml,27.00,22.95
279, FRUDIA Pomegranate Nutri-Moisturizing Toner 195g,23.00,21.85
280, FRUDIA Blueberry Hydrating Toner 195g,20.70,19.66
281, AMUSE Phytoncica™ LHA Reboot Toner 150ml,20.00,17.00
282, Papa Recipe Eggplant Clearing Skin 200ml,22.00,18.70
283, Mamonde Men Recharging Toner 180ml,18.98,16.13
284, SKINFOOD Yuja C Dark Spot Clear Toner 200ml,39.00,33.15
285, FRUDIA Citrus Brightening Toner 195g,21.80,20.71
286, HanYul Geuk Jin Toner 125ml,65.00,55.25
287, SKINFOOD Acorn Pore Peptide Pad 60ea,28.00,23.80
288, Yehwadam Artemisia Soothing Moisturizing Toner 180ml,27.30,23.20
289, Abib Heartleaf Calming 2-Step Set,48.00,33.60
290, Nature Republic Vitapair C Toner 300ml,18.90,16.06
291, Dr.G R.E.D BLEMISH® CLEAR MOISTURE TONER 300ml,31.80,27.03
292, INCELLDERM Vieton Oil Mist 50ml,60.60,51.51
293, su,38.00,32.30
294, SUNGBOON EDITOR Green Tomato Pore Peeling Jumbo Pad 180ml(60pcs),30.00,25.50
295, KSECRET Hyaluronic Acid Secret Toner 150ml,18.00,15.30
296, VT Cica Skin 200ml,26.88,24.19
297, VT Super Hyalon Skin Booster 300ml,22.08,19.87
298, FRUDIA Avocado Relief Essence Toner 195g,23.00,21.85
299, HOLIKA HOLIKA Honey Royalactin Serum Mist 120ml,29.16,24.79
300, 2aN Care & Hydrate pH Toner 140ml,25.00,21.25
301, HOLIKA HOLIKA Less On Skin Toner 180ml,20.66,17.56
302, Dr.G R.E.D Blemish Cica Soothing Cream Holiday Edition,50.00,42.50
303," Dear, Klairs Daily Skin Softening Water 500ml",27.00,22.95
304, Dr.G GREENMIDE VEGAN TONER PAD 60p,32.70,27.79
305, TOSOWOONG SOS Intensive RED Clinic Ovalicin Skin Clear Toner 80ml,21.51,18.28
306," Dear, Klairs Daily Skin Hydrating Water 500ml",27.00,22.95
307, SUNGBOON EDITOR Green Tomato Pore Lifting Toner 350ml,30.00,25.50
308, Dr.G Dermoisture Barrier.D Liquid Toner 200ml,30.80,26.18
309, daymellow Bluemarin Purity Toner 200ml,26.00,22.10
310, ENOUGH PROJECT Essential Skin 200ml,18.99,16.14
311, skin79 SHINE YUJA TONER 200ml,18.00,15.30
312, JUICE TO CLEANSE Vinegar Kombucha Vegan Calming 50 Pads,43.00,36.55
313, Toun28 pH Balancing Toner 250ml,29.00,24.65
314, Dr.G R.E.D BLEMISH FOR MENMULTI SOOTHING TONER 200ml,30.80,26.18
315, Dr.G A'CLEAR BALANCING TONER 200ml,26.80,22.78
316, Dr.oracle Centella Biome Toner 200ml,27.80,23.63
317, Papa Recipe  Tea Tree Control Skin 200ml,21.00,17.85
318, NACIFIC Uyu Cream set,69.90,59.41
319, I'M FROM Beet Refresh pad 260ml,24.00,20.40
320, Dr.oracle ReAGEN Callus Repairing Toner 120ml,51.60,43.86
321, YUNJAC HYDRATING & SOOTHING TREATMENT TONER WITH BAEKNYONCHO EXTRACT & UJILDU WATER 150ml,50.00,47.50
322, ANUA SOOTHING TRIAL KIT,30.00,25.50
323, SNP Gold Collagen Expert Toner 200ml,25.00,10.99
324, su,130.00,123.50
325, NACIFIC Hyal Booster Toner 150ml,24.00,20.40
326, SCINIC Hyaluronic Acid Ampoule Skin 150ml,18.00,15.30
327, Dr.G HYDRA AQUA BOOSTING TONER 200ml,31.80,27.03
328, Dr.oracle Antibac Derma Rening Toner 130ml,32.00,27.20
329, YUNJAC WHOLE PLANT EFFECT ESSENTIAL TONER 150ml,60.00,57.00
330, Sisua by Unleashia Tasmanian Pepper Calming 2-Piece Pad 70ea,26.00,22.10
331, O HUI Age Recovery Special Set (2 items),125.00,118.75
332, su,105.00,99.75
333, MIGUHARA Green-Tox S.O.S Toner 150ml,39.00,33.15
334, Hanyul Pure Artemisia Calming Balancing Set (Toner 150ml+Fluid 125ml),79.00,75.05
335, Dr.oracle Centella Biome Pore pad 135ml,31.80,27.03
336, Dr.oracle 21,28.80,24.48
337, MIGUHARA Vegan Daily Glow Toner 100ml,28.00,23.80
338, VONIN The Style Standard Toner 135ml & Emulsion 135ml set,52.00,44.20
339, SNP PREP Salironic Toner 220ml,12.00,10.20
340, Holika Holika Cerabarrier Moisture Active Cream in Mist 120ml,19.00,16.15
341, VT Cica Double Mist 120ml,25.00,22.50
342, MAXCLINIC Cica Biome Gel Toner 500ml,38.00,32.30
343, MAXCLINIC Cica Biome Toner 300ml,38.00,32.30
344, Dr.oracle Greentea Refreshing Toner 1000ml,227.90,193.71
345, Dr.oracle Collagen Cleansing Milk 1000ml,227.90,193.71
346, COSRX One Step Original Clear Pad 70ea,24.00,20.40
347, MANYO FACTORY Bifida Cica Herb Toner 210ml,22.00,18.70
348, celimax The Real Noni Moisture Balancing Toner 150ml,25.00,21.25
349, numbuzin No.5 Vitamin-Niacinamide Concentrated Pad 180ml (70 Pads),28.00,19.60
350, Dr.Jart+ Cicapair Toner 150ml,31.00,26.35
351, The history of Whoo Bichup Self-Generating Anti-Aging Concentrate Special Set,200.00,190.00
352, COSRX Poreless Pad 70pcs,25.00,21.25
353, MAMONDE Rose Water Toner 500ml,33.00,28.05
354, PETITFEE Azulene Ultra Soothing Pads 70ea,32.50,27.62
355, Sulwhasoo Essential Balancing Daily Routine Set,130.00,110.50
356, The History of Whoo Gongjinhyang Essential Moisturizing Balancer 150ml,54.00,45.90
357, ETUDE SoonJung Toner&Cica Balm Vegan Set,42.00,39.90
358, The History of Whoo Jinyulhyang Essential Revitalizing Balancer 150ml,65.98,56.08
359, MANYO FACTORY Our Vegan Heartleaf Cica Toner 400ml,32.00,27.20
360, COSRX Pure Fit Cica Pad 90pcs,27.00,22.95
361, The History of Whoo Radiant White Balancer 150ml,57.00,48.45
362, Huxley Antioxidant Trio Set,98.99,94.04
363, ETUDE AC Clean Up Toner 200ml,18.57,15.78
364, The History of Whoo Cheonyuldan Ultimate Rejuvenating Balancer 150ml,115.00,97.75
365, NEOGEN Dermalogy Probiotics Youth Repair Mist 120ml,32.00,25.60
366, DERMATORY Hypoallergenic Moisturizing Toner 300ml,22.98,19.53
367, Acropass Trouble Cure Allanto-Cica Essence Toner 250ml,18.00,15.30
368, Sulwhasoo Firming Care Essential Ritual Set,200.00,170.00
369, Isntree Spot Saver Mugwort Toner Pads 60pcs,29.86,25.38
370, HOLIKA HOLIKA Biotin Damage Care Oil Mist 120ml,11.66,9.91
371, WellDerma Sapphire Collagen Impact Mini Edition,28.00,19.60
372, Dr.Jart+ Ceramidin Mist 110ml,24.00,20.40
373, WellDerma G Plus Embellsih Essence Water 150ml,22.00,15.40
374, HUECALM Waterful Refining Toner Pads 170g (90ea) (VEGAN),30.00,15.00
375, beplain Greenful Balancing Toner 200ml,31.00,26.35
376, HOLIKA HOLIKA Black Caviar Anti-Wrinkle Skin 120ml,19.16,16.29
377, Troxederm Repair Essence Mist 100ml,38.00,32.30
378, Ciracle Pore Control Tightening Toner 105.5ml,21.48,18.26
379, Wellage Real Hyaluronic Milkpeel Toner 300ml,29.00,24.65
380, innisfree Cauliflower Mushroom Vital Skin 200ml,30.98,26.33
381, A'PIEU Lactobacillus Moisturizing Toner 210ml,26.98,24.28
382, The History of Whoo All In One Balancer 120ml,57.98,49.28
383, ZYMOGEN Houttuynia Cordata Ferment Mist 135ml,28.98,24.63
384, O HUI Age Recovery 2pcs Set,125.00,118.75
385, O HUI Prime Advancer PRO Set,155.00,131.75
386, Nature Republic Green Derma Mild Cica Big Toner 500ml,19.90,16.91
387, O HUI Extreme White Skin Softener 150ml,43.98,37.38
388, Skin Watchers Green Snail Intensive Toner 150ml,72.00,61.20
389, Nightingale Daily Derma Eraser Toner Lemon Tea Tree 300ml,23.27,19.78
390, DERCENT NIACINAMIDE 5% TRANEXAMIC ACID 2%TONER 200ml,35.00,29.75
391, LANEIGE Perfect Renew Youth Refiner 120ml,47.16,25.94
392, DEMAR3 Cita Du Dextra Mist 80ml,21.40,18.19
393, DEMAR3 Pour-Tion 17 Mist 100ml,17.00,14.45
394, Wellderma Calendula Calming Soon Toner 150ml,23.00,16.10
395, preange Skin Care Set,43.00,36.55
396, MISSHA Geumsul Jin Toner 150ml,30.00,25.50
397, [Ciracle] Anti-Blemish Toner 105.5ml,18.00,15.30
398, COSRX One Step Moisture Up Pad 70ea (22AD),24.00,20.40
399, HOLIKA HOLIKA Mechnikov's Probiotics Formula Hydrating Toner 133ml + 7g,32.66,27.76
400, preange Angelica Toner Quick Calming Pad 1ea,4.00,3.40
401, SOLLALLA Multi Vitamin Refresh Toner 130mL,28.00,23.80
402, innisfree Blueberry Rebalancing Skin 150ml (22AD),11.99,10.19
403, O HUI The First Geniture Skin Softener 150ml,74.98,63.73
404, NATURE REPUBLIC Argan Essential Moist Hair Mist 220ml (22AD),24.24,20.60
405, BENTON PHA Peeling Toner 150ml,24.00,20.40
406, O HUI Refining Medi-Toner Alcohol Free 150ml,39.98,33.98
407, Nature Republic Ginseng Gold Silk Toner 130ml,38.00,32.30
408, The History of Whoo Cheongidan Goon Hwa Yang Skin 150ml,90.00,76.50
409, KTW Intensive Refine Facial Mist 80ml,19.00,19.00
410, I'M FROM Licorice Clear Pad 60ea,26.00,22.10
411, The History of Whoo Gongjinhyang Soo Vital Hydrating Balancer 150ml,56.00,47.60
412, Grafen CALMING GREEN SKIN 180ml,26.00,14.30
413, HOLIKA HOLIKA Premier Collagen Toner 125ml,32.16,27.34
414, SELENUS Artemisia Calming Us Toner 155ml,19.00,16.15
415, Dr.oracle TerpinaC Toner 200ml,21.80,18.53
416, preange Angelica Toner Quick Calming Pad 5ea,12.00,10.20
