,title,writer,org_date,corr_date,content,channel
0,내년 경제정책방향 발표 최상목 후보자 데뷔 무대 되나,김용훈 기자,2023.12.11. 오전 7:30,2023.12.11. 오전 7:30,"이례적 '1월 경방' 유력…연말 예산안 처리·인사청문회 일정 고려최상목 경제부총리 겸 기획재정부 장관 후보자가 5일 서울 중구 서민금융진흥원에서 열린 기자간담회에 참석해 취재진의 질문을 받고 있다. 임세준 기자[헤럴드경제=김용훈 기자] 최상목 경제부총리 후보자의 첫 데뷔 무대는 '2024년 경제정책방향' 발표가 될 가능성이 높아졌다. 이듬해 경제 성장률이나 물가 등 전망치는 물론 우리 정부의 전반적인 경제정책 운용 기조를 담아 국민들에게 발표하는 경제정책방향은 통상 12월에 공개됐다. 다만 2024년 경제정책방향은 내년 1월에 발표될 가능성이 높아졌다. 11일 복수의 기획재정부 관계자들은 ""현재로선 경제정책방향 발표 시점이 해를 넘길 가능성이 높은 상황""이라고 말했다. 곧 지휘봉을 내려놓는 추경호 경제부총리 겸 기획재정부 장관의 마지막 발표보다는, 지난주 지명된 최상목 후보자의 첫 메시지로 내세우는 게 자연스럽다는 설명이다.최상목 후보자로서는 12월 인사청문회 절차를 마무리 짓고, 경제정책방향을 '경제 사령탑'으로서의 데뷔 무대로 활용할 수 있게 된다. 지난 5일 기자간담회에서 거듭 강조한 '역동 경제' 키워드를 구체화하면서 자신의 정책의지도 반영할 수 있다.연말 임시국회의 여야 간 뇌관이 적지 않고 새해 예산안 처리시점이 불투명한 상황에서 경제정책방향에 주력하기 어렵다는 판단도 깔린 것으로 보인다.여야는 오는 20일 열리는 본회의에서 내년도 예산안을 처리하기로 합의했지만, 일각에서는 '28일 본회의'까지 염두에 둬야 한다는 시각도 있다.한 당국자는 11일 ""내년 예산안과 세법개정안이 의결되지도 않은 상황에서 새로운 정책방향을 제시하는 게 부자연스러운 측면이 있다""고 말했다.다만 여야 합의대로 20일 본회의에서 예산안이 의결되고 최상목 후보자의 인사청문회 및 임명절차가 속도감 있게 진행된다면, 12월 마지막 주에 서둘러 경제정책방향을 내놓는 시나리오까지 닫지는 않는 분위기다.다른 당국자는 ""실무진들은 11월부터 관련 업무를 준비하고 있다""며 ""발표 일정은 유동적인 국회 상황, 최상목 후보자 의중 등에 따라 결정될 것""이라고 말했다.",헤럴드경제
3,"'준연동형이냐 병립형이냐'…민주, 비례대표제 여론조사 진행중",박종홍 기자,2023.12.10. 오후 8:54,2023.12.10. 오후 8:55,"당 지도부 '병립형 비례대표제' 무게…병립형 회귀 근거 활용될듯더불어민주당 최고위원회의(자료사진)  2023.12.6/뉴스1 ⓒ News1 임세영 기자(서울=뉴스1) 박종홍 기자 = 더불어민주당이 내년 총선을 앞두고 '준연동형 비례대표제'와 '병립형 비례대표제' 등 선거제 개편 논의와 관련한 여론조사를 진행중인 것으로 확인됐다.10일 민주당 지도부 관계자에 따르면 당은 국민과 당원을 대상으로 선거제 개편 관련 여론조사를 실시하고 있다. 질문에는 '현행 준연동형 비례대표제'와 '병립형 비례대표제' 중 어떤 게 더 바람직하다고 보는지를 묻는 질문이 포함됐다.앞서 이재명 대표는 지난달 말 선거제 개편과 관련해 ""멋있게 지면 무슨 소용이 있겠느냐. 현실의 엄혹함을 무시할 수는 없는 상황""이라고 발언했으며, 이를 두고 정치권에선 병립형 비례대표제 회귀를 시사한 것이란 해석이 나왔다.또한 당 지도부 인사들을 중심으로는 '현실론'을 명분으로 병립형으로 돌아가야 한다는 목소리가 많은 상황이다. 이 때문에 이번 여론조사 결과가 병립형에 힘을 싣는 경우 당 지도부가 병립형 회귀를 추진할 근거로 활용될 것으로 예측된다.",뉴스1
4,“불출마” 제로… 기득권 포기않는 여당,이해완 기자,2023.12.11. 오전 11:52,2023.12.11. 오후 5:25,"국회의사당 전경. 국회 홈페이지 캡처■ 총선 D-4개월… 與지도부·친윤·중진 ‘희생 선언’ 한 명도 없어권고안 외면당한 혁신위 종료“수도권 넘어 PK까지 위험하다체질개선 없인 총선 필패” 비판책임론 분출… 黨 분열 조짐도내년 국회의원 총선거를 4개월 앞둔 11일 국민의힘 혁신위원회가 제안한 ‘지도부·영남 중진·친윤(친윤석열)’에 대한 험지 출마 또는 불출마 선언에 응답한 지역구 현역 의원은 전무해 집권여당에서 혁신의지가 과연 있는지 의문이 커지고 있다. 친윤계 의원 중 이용(비례대표) 의원만 ‘당 요구대로 따르겠다’고 밝혔을 뿐 혁신위의 권고는 좀처럼 수용되지 않고 있다. 여당의 내년 총선 참패론이 거세지는 상황에서 ‘희생 없는 기득권 정치’를 고수하는 김기현 대표를 비롯한 지도부에 대한 책임론이 여당 안팎에서 분출되고 있다.국민의힘 혁신위는 이날 오후 최고위원회에 ‘주류 희생’ 혁신안 등 그동안 의결했던 1∼6호 안건을 종합 보고한다. 이에 대해 한 혁신위원은 “인요한 위원장이 참석하지 않고 현역 의원인 박성중 혁신위원이 보고할 것 같다”고 밝혔다. 앞서 혁신위는 이준석 전 대표 등에 대한 징계 취소를 시작으로 국회의원 특권 배제, 청년 비례대표 50% 할당, 전략공천 원천 배제, 과학기술인 공천 확대 등의 혁신안을 마련했다. 혁신위는 오는 24일까지 활동할 예정이었으나 ‘희생’을 외면하는 당 지도부와 갈등을 겪으면서 조기 해산하게 됐다. 혁신위 출범 50일 만에 사실상 좌초한 셈이다. 현재 여당은 암울한 총선 전망에 분열하기 시작했다. 서울 49개 지역구 중 명백한 우세를 보이는 곳은 6개에 그친다는 당 자체 보고서가 흘러나온 데다가, 정부지원론과 견제론이 16%포인트 차이로 윤석열 정부 출범 이후 최대격차(한국갤럽조사)로 벌어지는 등 위기론이 팽창한 것이다. 익명을 요구한 국민의힘의 한 중진 의원은 “지도체제 변화 등의 당 체질 개선이 없다면 내년 총선은 필패”라고 지적했다. 대통령실 내부에서도 내년 총선 승리를 위해서는 중진 의원들의 희생과 혁신이 필요하다는 목소리가 흘러나오고 있다. 하태경 국민의힘 의원은 이날 BBS 라디오 ‘전영신의 아침저널’에서 “김 대표가 보여준 모습은 혁신을 거부하는 정도가 아니라 심지어 방해하는 것”이라고 날을 세웠다. 반면 박정하 국민의힘 수석대변인은 이날 SBS 라디오 ‘김태현의 정치쇼’에 출연해 “전략적으로 당이 변화하고 혁신해야 하는 것은 맞다”라면서도 “그러나 전술적으로 지금이 그 타이밍인지 동의하기 어렵다”고 말했다. 내년 4월 10일 치러지는 제22대 국회의원 총선거의 지역구 예비 후보자 등록이 선거일 120일 전인 12일 시작된다.  ",문화일보
5,"해수장관 후보자, 과거 음주·폭력에 ""청문회에서 판단 받겠다""",고재민 기자,2023.12.11. 오후 2:25,2023.12.11. 오후 2:31,"취재진 질문에 답하는 강도형 해양수산부 장관 후보자 강도형 해양수산부 장관 후보자는 자신의 음주운전과 폭력 전과가 드러난 것에 대해 ""청문회에서 판단 받겠다""고 밝혔습니다.강 후보자는 오늘 인사청문 준비 사무실이 있는 서울 마포구 수산물품질관리원 서울지원에 출근하면서 과거 이력이 장관 결격 사유라고 생각하지 않느냐는 질문에 ""청문회에서 소상히 밝히는 것이 필요할 것 같다""고 답했습니다.그러면서 ""젊은 시절 하지 말아야 할 행동""을 했다면서 그 뒤로는 지금까지 최선을 다해 살아왔다고 말했습니다.강 후보자는 해양과학 전문 연구원 출신으로 지난 2월부터 한국해양과학기술원 원장을 맡아오다 지난 4일 해수부 장관 후보자로 지명됐습니다.강 후보자는 34살 때인 2004년 음주운전으로 제주지방법원으로부터 벌금 150만 원 처분을 받았고, 1999년에는 같은 법원에서 폭력행위 등 처벌에 관한 법률 위반으로 벌금 30만 원 처분을 받았습니다.강 후보자는 음주운전 당시 만취 생태였는지, 폭행 사건의 경위가 무엇인지 묻는 질문에는 즉답을 피한 채 청문회에서 밝히겠다고 말했습니다.",MBC
6,선거구 미확정에 혼돈의 예비후보자들 “내 지역구는 어디인가?”,김윤나영 외 2명,2023.12.11. 오전 11:37,2023.12.11. 오후 6:00,"중앙선거관리위원회 산하 국회의원선거구획정위원회가 국회에 제출한 내년 총선 선거구 획정안에는 강원도 속초시와 철원·화천·양구·인제·고성군이 한 지역구로 돼 있다. 강원특별자치도청 인터넷 홈페이지 지도 자료를 토대로 선거구 획정구역을 그어보았다.국회는 예비후보자 등록이 시작되는 12일에도 선거구를 획정하지 못했다. 내년 4·10 총선에 적용할 비례대표 선거제도도 확정하지 못했다. 예비후보자들은 자신이 어느 지역구에서 뛸지도 모르는 상태에서 출마를 준비해야 한다.중앙선거관리위원회는 12일부터 현 전국 253개 지역구를 기준으로 예비후보자 등록을 시작한다. 중앙선관위 산하 선거구획정위원회(획정위)는 지난 5일 전국 32개 지역의 선거구 변경을 권고했다. 선거구획정위에 따르면 인구 상한선을 넘은 지역 6곳이 분구되고 인구 하한선에 못 미친 6곳은 합구된다. 지역구가 조정되거나(5곳), 자치구·시·군 내 경계가 조정되는 지역(15곳)도 20곳에 달한다.예비후보자들은 자신의 선거구가 어디인지도 모르는 상태에서 선거운동을 해야 한다. 공직선거법은 선거일 1년 전에 선거구를 획정하도록 규정하지만 여야가 법을 지킨 적은 거의 없다. 여야는 21대 총선 때도 선거를 불과 한 달여 앞둔 2020년 3월 6일에야 선거구를 확정했다.경기 동두천·연천 출마를 준비하는 국민의힘 소속 손수조 리더스클럽 대표는 전화 인터뷰에서 “어느 운동장에서 뛰어야 할지를 모르는 것은 원외 후보자들의 발목이 묶는다”며 “예비후보로 등록해도 당장 다음주부터 출근 인사는 어디로 나가야 하는지, 선거사무실은 어디에 내야 할지 혼란스럽다”고 말했다. 획정위는 경기 동두천시연천군, 양주시, 포천시가평군 등 세 지역구를 동두천시양주시갑·을, 포천시연천군가평군으로 나누라고 권고했다. 손 대표는 “선거구 확정 전까지 연천, 포천, 가평, 동두천, 양주를 두고 선거운동해야 하나”라고 반문했다.경기 포천·가평 지역 출마를 준비하는 김용태 전 국민의힘 최고위원은 “획정위에 따르면 연천군이 새로운 선거구로 포함될 가능성이 있지만, 그렇다고 내가 포함된다고 가정하고 연천군에 가서 새로운 유권자들을 만나고 인사하는 것도 난센스”라고 말했다.지역구와 비례대표 출마 가능성을 모두 열어둔 정치 신인들도 우왕좌왕하고 있다. 권지웅 전 더불어민주당 비상대책위원은 “비례대표 선거가 어떻게 되는지 알 수 없는 채로 도전자에게 도전하라는 것은 불합리하다”고 말했다. 권 전 비대위원은 4년 전 민주당의 비례위성정당인 더불어시민당 비례후보로 입후보했다. 더불어시민당은 총선을 약 3주 앞둔 2020년 3월24일에야 비례후보를 확정했다. 권 전 비대위원은 “비례후보 선출 공고가 나온 지 며칠 만에 입후보서를 내야 했다”고 말했다.국회가 선거구 획정을 미룬 것은 직무유기라는 비판이 나온다. 손 대표는 지난 6일 사회관계망서비스(SNS)에 “현역 위주의 선거법으로 신인들의 손발을 묶어둔 것도 모자라 이렇게 뛰어야 할 운동장까지 알려주지 않는 것은 불공정의 끝판왕”이라며 “무능한 21대 국회, 방 빼라”라고 비판했다.",경향신문
7,"이낙연 ""훌륭한 분 모아 세력화 필요"" 이상민 ""민주·인권 가치 규합""",조재완 기자,2023.12.11. 오후 3:39,2023.12.11. 오후 3:45,"이낙연 전 대표·이상민 의원, 11일 비공개 회동 ""민주, 개딸당 변질돼 뜯어고치는 것 부질없어""[서울=뉴시스] 권창회 기자 = 이낙연 더불어민주당 전 대표가 11일 오후 서울 종로구 이 전 대표 사무실을 방문한 이상민 의원과의 면담을 마치고 배웅하고 있다. 2023.12.11. kch0523@newsis.com[서울=뉴시스]조재완 조성하 기자 = 이낙연 더불어민주당 전 대표와 무소속 이상민 의원이 11일 회동했다. 이들은 현재의 정치 상황을 우려하며 이를 바로 잡기 위해 역할을 해야 한다는 데 뜻을 같이한 것으로 전해졌다. 또 이들은 민주주의와 인권 가치에 둔 정치세력화가 필요하다는 공감했다. 이 의원이 이 전 대표의 신당 창당에 힘을 실은 격이다.이 전 대표와 이 의원은 이날 오후 서울 종로구에 위치한 이 전 대표 사무실에서 40분 가량 비공개 면담을 가졌다. 이 전 대표 제안으로 이번 만남이 성사됐다. 이 의원은 이 전 대표 회동 후 기자들과 만나 ""한국 정치의 일그러진 상황을 걱정했고, 이 전 대표는 그동안의 우려와 걱정을 (말)하면서 도저히 그냥 지나칠 수 없으며 소명감을 갖고 힘들지만 한국 정치를 바로잡는 데 역할을 하겠다고 말했다""고 전했다. 신당 필요성은 공감했으나 구체적인 신당 창당 논의는 없었다고 이 의원은 설명했다. 그는 ""이 전 대표는 여러가지 상황이 있고, 그 뜻을 같이 하는 훌륭한 분들을 뒤에 모아서 세력화하는 것이 필요하다고 말했다""고 전하며 창당론에 공감을 표했다. 그는 다만 ""지금의 민주당은 '이재명 사당' '개딸당'으로 변질됐기 때문에 이제 그 당을 뜯어 고치려 해봤자 부질 없는 짓""이라며 ""이젠 민주주의 인권의 가치를 근본으로 여기고 실현하고자 했던 본래의 민주당을 재건해야 한다고 말씀드렸다""고 했다. 이 전 대표도 이에 공감했다고 한다. 이 의원은 ""이 전 대표도 공감했다""며 ""앞으로 정치세력을 규합하는 데 있어 민주주의와 인권의 가치를 최선의 가치로 여기고 그 실현을 위해 해왔던 본래의 민주당을 재건해야 할 것""이라고 말했다. 이 의원은 '신당 창당 가능성을 시사하는 것이냐'는 질문엔 ""그렇게까지 말씀을 나눈 것은 아니다""라면서 ""한국 정치의 일그러진 모습이나 퇴행하는 것들을 보고 그냥 있을 수 없다는 여러가지 해법들, 말씀을 많이 나누고자 했다""고 부연했다. 그는 ""이 전 대표는 오늘과 같은 자리를 가지면서 대화하고 지혜를 모으고자 (했고) 저도 한국 정치를 바로세우고 상식의 정치가 복원되는 점에서 어느 당이든 종파와 입장에 관계없이 힘을 모아야 한다고 본다""고 강조했다. 그러면서 ""지금의 반상식의 정치, 퇴화된 일그러진 정치를 바로 세우고, 상식의 정치이자 민심을 받드는 정치가 되기 위해 정치인들이 그냥 있을 수 없다는 차원""이라고 말했다. 그는 ""지금 앞서 나가서 신당이라고 하는 것은 너무 작위적""이라며 ""이 전 대표에게 '자주 보자'고 했는데 이 전 대표는 근엄하셔서 '내가 좀 어렵다'(고 했다.) 자주 보고 그런 이야기를 해야 하니까 앞으로 진행이 어떻게 되느냐에 따라 다르지 않겠나""라고 말했다. 이 의원은 국민의힘 입당 가능성도 재차 열어놨다. 그는 ""모든 가능성을 다 열어두고 있다""며 ""국민의힘 입당도 배제하지 않는다""고 말했다. 그는 ""정치적 꿈과 비전을 펼칠 수 있고, 저를 반겨주는 곳, 뜻을 같이 하는 분들이 있는 곳으로 가고 싶고 그것이 인지상정이자 자연스러운 모습 아니냐""고 되물었다．",뉴시스
8,민주당 인재영입 1호는 ‘기후위기 전문가’ 박지혜 변호사,임재우 기자,2023.12.10. 오후 3:37,2023.12.10. 오후 3:57,"박지혜 변호사. 연합뉴스더불어민주당이 외부 인재 1호로 기후위기 전문가 박지혜 플랜1.5 변호사를 영입했다.민주당 관계자는 10일 “민주당 인재위원회는 박 변호사를 내일 1호 영입 인재로 발표할 예정”이라고 말했다. 박 변호사는 지난 2017년 녹색법률센터에서 변호사 생활을 시작해 주로 환경 분야 공익 소송과 환경운동을 해왔다. 지난 2018년 삼척 석탄발전소 건립을 반대하는 공익소송을 맡아 진행했고, 이후 탈석탄 캠페인을 주도했다. 현재는 기후환경 단체인 플랜 1.5에서 활동 중이다.민주당 관계자는 “기후위기 해결 자체가 민생이고 경제라고 판단해 기후위기 해결 전문가를 영입하기 위해 노력해왔다. 그 노력의 성과로 박지혜 변호사를 영입하게 된 것”이라고 밝혔다. ",한겨레
9,"조승래 의원, R&D 예산 합의 9일 앞두고 천막농성 돌입...""원상복구 필요""",김영욱 기자,2023.12.11. 오후 2:07,2023.12.11. 오후 2:09,"대통령 사과·이종호 자관 경질·삭감 철회 주장조승래 의원이 11일 서울 영등포구 국회 본청 앞에서 국가 R&D 예산 삭감 철회를 외치며 천막농성에 돌입한다. 조승래 의원실 제공    국회가 내년 R&D(연구개발) 예산을 오는 20일까지 합의하기로 한 가운데 더불어민주당 과학기술정보방송통신위원회 위원들과 과학기술혁신특별위원회 소속 위원들이 예산 원상복구를 선언하며 국회 본청 앞에서 천막농성에 돌입했다.조승래 민주당 의원은 ""대통령 말 한마디에 R&D 예산이 손바닥 뒤집듯 뒤집힌 지 166일, 5조2000억 원 예산이 밀실에서 불법·졸속으로 삭감된 지 104일이 흘렀다""며 ""대학생, 대학원생들이 절규하고 있으나 여당은 여전히 묵묵부답이다. 우리는 우리의 천막이 예산안 협의를 위해 이곳을 드나드는 여야 의원들과 정부 관계자들의 양심에 경종을 울리기를 바란다""고 취지를 설명했다.이에 더해 예산안 수립 과정에 대한 잘못을 인정해야한다며 ""무작정 글로벌 R&D를 늘리겠다는 둥, 연구계를 상시 구조조정의 그물에 가두겠다는 둥 엉뚱한 대책만 반복하는 것이 아닌 책임과 반성이야말로  사태 해결의 첫걸음이자 가장 기본적인 재발 방지 대책이 될 것""이라고 밝혔다.조승래 의원은 대통령의 사과, 이종호 과학기술정보통신부 장관 경질과 연구비 삭감 철회를 해결책으로 제시했다. 이종호 장관의 경우 과학기술기본법 상 6월 30일까지 주요 R&D 예산을 통보해야 하는데 법률 상 의무인 국가과학기술자문회의 심의도 사실상 패싱하고 반성이 아닌 엉터리 대책을 쏟아내는 데 몰두하고 있다는 것이다.조 의원은 ""R&D 예산은 과학기술자들의 연구비일 뿐만 아니라 청년 세대의 생계를 좌우하는 민생·미래 예산이다. 끼니는 걸러도 자식들 학비만은 아끼지 않았던 대한민국의 희망""이라며 ""R&D 예산 복원을 위한 노력에 끝까지 관심을 기울여주시길 바란다""고 호소했다.   ",디지털타임스
10,결혼 5년 이하 신혼부부 100만쌍 선 무너지나,정우태 기자,2023.12.11. 오후 2:48,2023.12.11. 오후 2:48,"통계청 '2022 신혼부부 통계' 결과 103만2천쌍 대구경북 감소율 전국 평균 이상결혼하는 부부. 매일신문DB결혼 5년차 이하 신혼부부가 감소하고 있다. 자녀가 없는 초혼 신혼부부 비중도 역대 최대 규모다.11일 통계청이 발표한 '2022년 신혼부부 통계'에 따르면, 2021년 기준 신혼부부 110만1천쌍에서 지난해 103만2천쌍으로 6만9천쌍(6.3%) 감소했다.같은 기간 대구의 신혼부부 수는 4만5천94쌍에서 4만1천617쌍으로 줄었다. 경북의 경우 4만8천707쌍에서 4만5천32쌍으로 감소했다. 대구경북의 감소율은 각각 7.7%·7.5%로 전국 평균(6.3%)를 웃돌았다.이밖에 17개 시·도 모두 신혼부부 수가 감소한 것으로 나타났다. 전체 신혼부부의 29.9%가 경기도에 거주했고, 서울(17.8%)·인천(6.1%)까지 과반 이상이 수도권에 신혼살림을 차렸다. 대구(4%)와 경북(4.4%)에 거주하는 신혼부부는 10% 미만으로 집계됐다.초혼 신혼부부 가운데 자녀가 없는 부부는 46.4%로 전년(45.8%)보다 0.6%포인트(p) 증가했다. 이는 지난 2015년 관련 통계 작성 이후 최고치다.대구지역 내 자녀가 없는 초혼 신혼부부의 비율은 41.8%, 경북은 40.3%로 집계됐다. 신혼부부 10쌍 중 4쌍은 자녀가 없는 셈이다.한편, 신혼부부 수는 2015년 147만2천쌍에 달했으나 2016년 143만7천쌍, 2017년 138만쌍, 2018년 132만2천쌍, 2019년 126만쌍, 2020년 118만4천쌍 등으로 매년 5만~8만명씩 줄어드는 추세다. 이같은 흐름이 이어지면 올해 신혼부부는 100만쌍 선이 무너질 것으로 전망된다.통계청 제공",매일신문
11,"40대 고용보험 가입자 첫 감소...""인구감소 탓""",김용훈 기자,2023.12.11. 오후 1:54,2023.12.11. 오후 1:54,"전체 가입자 증가 폭 5개월 연속 둔화…제조업 내국인 감소[헤럴드경제=김용훈 기자] 인구가 감소하면서 40대 고용보험 가입자가 처음으로 전년 대비 감소했다. 전체 고용보험 가입자 증가 폭도 5개월 연속 둔화세를 지속했다.11일 고용노동부가 발표한 '고용행정 통계로 본 11월 노동시장 동향'에 따르면 지난달 말 기준 고용보험 상시 가입자는 총 1528만7000명으로, 지난해 11월보다 33만5000명(2.2%) 늘었다.전년 대비 증가세를 이어가긴 했으나 증가 폭은 6월 37만5000명, 7월 37만3000명, 8월 36만2000명, 9월 35만9000명, 10월 34만2000명 등에 이어 5개월 연속 줄었다.[고용노동부 제공]연령별로는 60세 이상이 18만4000명 늘고 50대와 30대도 각각 11만1000명, 7만3000명 증가한 데 반해 29세 이하와 40대는 각각 3만1000명, 2000명 줄었다. 29세 이하는 15개월 연속 감소세이고, 40대의 경우 1997년 고용보험 가입자 통계를 작성한 이후 처음으로 전년 대비 줄어든 것이라고 고용부는 설명했다.천경기 고용부 미래고용분석과장은 ""29세 이하와 40대는 다른 연령대보다 인구 감소의 영향을 크게 받는 연령대""라며 ""현재의 인구 감소 추세로 볼 때 40세 가입자가 곧바로 증가 반전할 것이라고 예측하긴 어렵다""고 말했다. 다만 그는 ""40대 고용 상황이 나빠졌다고 보긴 어렵다""며 ""40대 인구 대비 취업한 인구의 비율인 고용률은 코로나19 회복 이후 계속 상승하고 있다""고 덧붙였다.11월 증가한 전체 고용보험 가입자 33만5000명 중 41%인 13만8000명이 비전문 취업비자(E-9)와 방문취업비자(H-2) 등 고용허가제로 입국한 외국인 근로자다. 고용허가제 외국인의 고용보험 의무 가입 대상이 확대되고, 올해 외국인력 도입 규모가 늘어나면서 외국인 고용보험 가입자는 지난달 말 20만9000명 수준까지 꾸준히 늘고 있다.고용허가제 외국인 근로자의 89.4%가 종사하고 있는 제조업은 전체 가입자가 1년 새 11만6000명(11월 말 기준) 늘었다. 외국인 증가분(11만9000명)을 빼고 보면 내국인 가입자는 3000명가량 줄었다. 10월에 이어 2개월 연속 감소세다. 제조업 내에서도 섬유제품과 의복·모피는 지속되는 수출 부진, 해외설비 이전 등으로 인해 내외국인을 합친 가입자가 감소세를 이어갔다.서비스업 가입자 수는 보건복지, 숙박음식, 사업서비스업 등을 중심으로 전년 동월 대비 21만명 늘었다.지난달 구직급여 신규 신청자는 8만8000명으로 전년 동월 대비 2000명(2.7%) 늘었다. 구직급여 지급자는 52만9000명, 지급액은 8301억원으로 작년보다 각각 3.0%, 4.2% 증가했다.",헤럴드경제
12,연말정산 체크리스트…식대 비과세 월 20만·영화관람 30% 공제,이동환 기자,2023.12.11. 오전 10:35,2023.12.11. 오전 10:57,"4억 이하 주택 월세 세액공제…신용카드 소득공제 한도도 상향[법제처 제공. 재판매 및 DB 금지](서울=연합뉴스) 이동환 기자 = 이번 연말정산부터는 식대 비과세 한도가 월 20만원으로 상향되고, 영화 관람료도 30% 공제율이 적용된다.    법제처는 연말정산 시즌을 앞둔 11일 이러한 내용을 포함해 2023년 달라진 세법 개정 사항과 세액·소득공제 관련 법령들을 소개했다.    우선 식대 비과세 한도가 월 10만원에서 20만으로 올랐다. 물가 상승을 고려한 변화로 사내 급식이나 이와 유사한 방법으로 제공받는 식사에 적용된다.    올해부터 영화 관람료는 30% 공제율이 적용된다. 다만, 도서·공연·미술관·박물관·영화 관람료에 대한 소득공제는 총급여가 7천만원 이하에만 해당한다.    신용카드 등 사용금액에 대한 소득공제 한도도 상향된다.     총급여가 7천만원 이하인 사람에 대해서는 기본 공제 한도 300만원에 추가로 300만원이 적용된다.     또 총급여 7천만원을 초과하는 경우 기본 공제 한도 250만원에 한도 200만원이 추가된다. 이 공제 한도는 2025년 12월 31일까지 적용된다.    기준 시가 4억원 이하 주택은 올해부터 월세 세액공제가 가능하다.[법제처 제공. 재판매 및 DB 금지]    총급여 7천만원(종합소득금액 6천만원) 이하 무주택 근로자 가운데 총급여액이 5천500만원(종합소득금액 4천500만원)을 초과하면 15%, 그 이하면 17%의 공제율을 각각 적용한다. 기존 10%, 12%에서 각각 5%포인트(p)씩 상향된 것이다.주택을 임차하기 위해 빌린 돈을 갚는 경우 그 금액의 40%에 해당하는 금액을 근로소득금액에서 공제한다. 다만, 원리금 상환액의 공제액과 주택청약저축에 대한 공제액을 합해 연 400만원까지만 인정된다.    소득세 과세표준 구간도 조정됐다. 소득 수준에 따라 8개로 나뉘는 구간 중 하위 3개 구간의 기준 금액이 상향된다.    이번 연말정산부터는 ▲ 1천400만원 이하 6% ▲ 1천400만원 초과∼5천만원 이하 15%, ▲ 5천만원 초과∼8천800만원 이하 24% 세율이 적용된다.    올해부터 시행된 고향사랑기부금 제도에 대한 세액공제 혜택도 확인해야 한다.    고향사랑기부제를 통해 기부한 금액 중 10만원까지는 전액 세액 공제되고, 10만원을 초과하는 금액에 대해서는 16.5%의 공제율이 적용된다.'성장률 전망 낮추고 물가 전망은 높여'(서울=연합뉴스) 강민지 기자 = 한국은행이 내년 실질 국내총생산(GDP) 성장률 전망치를 2.2％에서 2.1％로 하향 조정했다. 내년 소비자물가 상승률 전망치는 2.4％에서 2.6％로 0.2％포인트(p) 높였다. 사진은 30일 서울의 한 대형마트에서 장을 보는 시민들. 2023.11.30 mjkang@yna.co.kr    dhlee@yna.co.kr",연합뉴스
13,“비트코인 뜬다” 서학 개미들 암호화폐 관련주 폭풍매수,홍주희 기자,2023.12.11. 오전 5:00,2023.12.11. 오전 5:01,"  미국 주식에 투자하는 서학개미들이 이달 들어 미국 최대 암호화폐 거래소 코인베이스를 130억원어치 사들였다. 비트코인 가격이 지난해 4월 이후 처음으로 4만 달러를 넘어서자 투자금이 암호화폐 관련 주식에 몰리고 있다.      박경민 기자           10일 한국예탁결제원에 따르면 이달 들어 8일까지 국내 투자자들은 코인베이스를 980만2000달러(약 129억원)어치 순매수했다. 미국 주식(상장지수펀드 제외) 중 소매업체인 메종솔루션스(1971만 달러)에 이어 두 번째로 순매수 규모가 컸다. 코인베이스 순매수 순위는 지난달 31위(869만9000달러)에서 2위로 솟구쳤다. 뒤를 이어 엔비디아(826만7000달러), 화이자(772만3000달러), 마이크로소프트(730만5000달러) 순이었다.      서학개미가 코인베이스에 몰린 건 비트코인 영향이 컸다. 코인마켓캡에 따르면 비트코인 가격은 이달 10일 기준 4만3900달러로 지난달 말(3만7712달러)보다 16%가량 뛰었다. 연초와 비교하면 160% 이상 치솟았다. 내년 1월 중 비트코인 현물 상장지수펀드(ETF)가 승인될 것이라는 시장의 예상이 커진 데다 4월 중엔 비트코인 채굴이 절반으로 줄어드는 반감기가 예정돼 있다.      박경민 기자           관련 기업도 덩달아 주가가 뛰고 있다. 코인베이스 주가는 연초 33.6달러에서 이달 8일 146.6달러까지 뛰었다. 클린스파크(414.4%), 마라톤디지털홀딩스(393.5%) 등 일부 채굴기업 주가는 연초 이후 300% 이상 치솟았다. 국내에선 암호화폐 거래소인 업비트 운영사 두나무 지분을 보유한 한화투자증권과 우리기술투자가 이달 들어 주가가 각각 15%, 27% 상승했다.      전문가들은 과도한 투자는 유의해야 한다고 강조한다. ETF 승인이 무산될 우려와 함께 암호화폐의 가격 변동성에 대한 회의적인 시각 때문이다. 홍성욱 NH투자증권 디지털자산 담당 연구원은 “현물 ETF 승인이 3월까지 미뤄질 수 있고 규제 리스크가 완전히 해소된 것은 아닌 만큼 승인 차질로 하락하더라도 감당할 수 있는 정도로 투자해야 한다”고 조언했다.    ◆코인거래소 예치금도 이자 지급=내년 7월부터 가상자산거래소에 예치한 돈에 대해서도 이자가 지급될 전망이다. 대체불가능토큰(NFT)과 예금토큰은 가상자산의 범위에서 제외된다. 금융위원회는 이날 이런 내용의 가상자산이용자보호법 시행령·감독규정 제정안을 발표했다. 시행령과 감독규정은 다음달 22일까지 입법예고를 거친 뒤 내년 7월 시행될 예정이다. 지금까지 가상자산사업자는 투자자들이 투자를 위해 코인거래소에 예치한 원화를 은행 계좌 등에 넣어두고 여기서 발생하는 이자를 독차지했다.  ",중앙일보
14,서울 아파트 평균 월세 ‘100만원 시대’,이진주 기자,2023.12.11. 오전 7:57,2023.12.11. 오전 8:03,"수도권에 있는 대단위 아파트 단지 모습. 이준헌 기자올해 서울 아파트 임차인이 지불한 평균 월세 금액이 100만원을 돌파했다.11일 부동산R114가 국토교통부 실거래가시스템에 신고된 아파트 월세(전세보증금은 제외) 계약을 분석한 결과, 올해 1월부터 11월까지 거래된 서울 아파트 평균 월세금액은 102만원으로 나타났다.이는 2년 전인 2021년 평균 90만원 보다 12만원(13.3%), 지난해 98만원 보다 4만원 뛰었다.월세금액이 오른 것은 올해 전셋값이 오른 데다, 고금리 여파로 전세를 월세로 전환할 때 적용하는 전월세전환율이 동반 상승한 영향이 크다.한국부동산원 조사에 따르면 서울 아파트 전월세전환율은 2021년 평균 4.1%에서 지난해 4.3%로 올랐고, 올해 들어서는 평균 4.7%로 뛰었다.지난해부터 지속되고 있는 고금리 기조가 월세를 끌어올린 것이다.전세사기 여파 등으로 보증금 반환에 대한 불안감이 커지자 고액 전세 임차인의 일부는 보증금 일부를 월세로 돌린 영향도 있었다.특히 금액별로 100만원 초과 고액 월세 비중이 증가 추세다. 서울 아파트의 100만원 이하 월세 비중은 2021년 71.7%에서 지난해 68.3%, 올해 들어선 11월까지 66%로 감소했다.반면 2021년 28.3%였던 100만원 초과 월세 비중은 지난해 31.7%에서 올해 34%로 증가했다. 올해 계약된 월세 임차인의 3분의 1이 월 100만원 이상의 임대료를 지불한 것이다.최근 3년간 500만원 초과 초고가 월세 비중은 큰 변화가 없는데 비해 100만원 초과 500만원 이하의 비중은 2021년 27.6%에서 지난해 30.8%, 올해는 33%로 늘고 있다.구별로는 용산구의 월세 평균이 208만원으로 가장 높았다. 나인원한남과 한남더힐 등에서 고액의 월세 계약이 많은 영향이다.국토부 실거래가시스템을 보면 나인원한남 전용면적 273㎡는 올해 7월 보증금 20억원에 월세 4100만원, 한남더힐 전용 235㎡는 올해 8월 보증금 5억원, 월세 2400만원에 계약이 이뤄졌다.월세 부담이 커지자 월세를 전세로 돌리려는 수요가 늘면서 전세 비중은 커지고 월세 비중은 감소하고 있다.지난해 12월 52.4%까지 치솟았던 서울 아파트 월세 비중은 올해 1월 44.8%로 감소한 뒤 지난 11월에는 연중 최저 수준인 36.3%로 떨어졌다. 월 기준으론 2021년 5월(32.8%) 이후 2년 6개월 만에 최저다.연평균으로도 2021년 39.6%였던 월세 비중은 지난해 43.9%로 늘었다가 올해 들어서는 11월까지 40.9%로 감소했다.",경향신문
15,금감원 “카드 리볼빙 미끼 광고 우려” 소비자 주의보,김진호 기자,2023.12.11. 오후 1:44,2023.12.11. 오후 1:44,"리볼빙 잔액 7.5조 원 역대 최대치“고금리 대출성 계약 인지해야”금융감독원은 최근 신용카드사들이 리볼빙 대신 ‘최소결제’나 ‘일부만 결제’ 등의 용어를 사용해 소비자 오인 우려가 커지고 있다며 소비자 경보 주의를 발령했다. 연합뉴스금융감독원은 최근 신용카드사들이 리볼빙 대신 ‘최소결제’나 ‘일부만 결제’ 등의 용어를 사용해 소비자 오인 우려가 커지고 있다며 소비자 경보 주의를 발령했다.리볼빙은 신용카드 대금 일부만 결제하면 나머지는 다음달로 이월되고, 그 이월된 잔여결제금액에 이자가 부과되는 결제방식이다. 표준약관상 정식 명칭은 ‘일부결제금액이월약정’이다.소비자 입장에서는 신용카드 대금을 한 번에 결제하는 부담에서 벗어나 가계자금 유동성을 확보할 수 있지만 높은 수수료를 부담해야 한다. 소비자가 정한 약정결제비율만큼 결제하고 나머지는 이월되므로, 그 비율이 낮을수록 미래 갚아야 할 대금은 증가한다.최근 고금리 지속에도 불구하고 리볼빙 잔액은 2021년 말 6조 1000억 원, 지난해 말 7조 3000억 원, 올해 10월 말 7조 5000억 원으로 계속 늘어나며 역대 최대치를 경신하고 있다.문제는 리볼빙의 본질이 고금리 대출성 계약이라는 점이다. 소비자가 위험성을 정확히 인지하지 못한 채 이용할 경우 부채 과다, 상환 불능 위험 등에 빠질 수 있는 우려가 크다.특히 최근 카드사들은 광고 시 리볼빙이랑 단어를 언급하지 않고 ‘최소결제·일부만 결제·미납 걱정없이 결제’ 등으로 표현하고 있어 소비자들의 오인을 불러오고 있다는 지적이다.이에 따라 금감원은 리볼빙이 신용카드 필수 가입사항이 아니며, 본인이 인지하지 못하는 사이 가입된 것은 아닌지 수시로 확인해야 한다고 당부했다.금감원은 최근 카드사 리볼빙 광고 실태 점검 결과 발견된 문제점 등을 여신협회 및 업계와 공유하고, 소비자 피해가 발생하지 않도록 개선해 나갈 예정이다.",부산일보
16,김철주 신임 생보협회장 “생보산업 중대위기 직면”…3대과제 제시,강승연 기자,2023.12.11. 오전 10:02,2023.12.11. 오전 10:02,"김철주 생보협회장 11일 공식 취임식본업 경쟁력 강화, 수익기반 다각화 중점추진상생 노력도 강조…“사회적 책임 충실”김철주 신임 생명보험협회장이 11일 오전 서울 중구 퇴계로 생명보험협회 강당에서 열린 취임식에서 취임사를 하고 있다. [생명보험협회 제공][헤럴드경제=강승연 기자] 김철주 신임 생명보험협회장이 11일 취임 일성으로 “생명보험산업은 중대한 위기에 직면했다”며 본업 경쟁력 강화와 수익기반 다각화, 사회적 책임 확대 등 3대 핵심과제를 제시했다.김 회장은 이날 오전 서울 중구 생명보험협회에서 열린 취임식에서 “저성장·고물가 기조의 거시경제 환경과 저출산·고령화로의 급격한 인구구조의 변화로 경영환경이 더욱 악화되고 있으며, 생보시장 포화에 따른 성장 정체와 빅테크·핀테크 기업 등 새로운 플레이어가 출현으로 엄중한 상황”이라고 우려했다.김철주 신임 생명보험협회장이 11일 오전 서울 중구 퇴계로 생명보험협회 강당에서 열린 취임식에서 취임사를 하고 있다. [생명보험협회 제공]김 회장은 이러한 난관을 돌파하기 위해 ▷생명보험의 본업 경쟁력과 사회안전망 역할 강화 ▷신시장 진출 및 해외 진출을 통한 생보사 수익기반 다각화 ▷고객신뢰 제고와 사회적 책임 확대 등 3가지 핵심과제를 중점 추진하겠다고 밝혔다.특히 “고객들과의 상생·동행을 통한 사회적 책임을 다하겠다”며 정부가 당부하고 있는 상생사업에 대한 노력도 강조했다. 자살예방, 금융보험교육 등 기존 사회공헌활동뿐 아니라, 사회에 도움이 절실한 분야에서 체감도 높은 상생사업을 전개함으로써 사회적 책임을 충실히 다하겠다고 했다.끝으로 김 회장은 협회 임직원들에게도 “변화와 혁신의 자세를 더욱 굳건히 하고, 생보업계를 대표한다는 책임감과 함께 회원사는 물론 다양한 대외기관과 지속적으로 소통·협력해 달라”고 당부했다.김철주 신임 생명보험협회장이 11일 오전 서울 중구 퇴계로 생명보험협회 강당에서 열린 취임식에서 취임사를 하고 있다. [생명보험협회 제공]1963년 대구 출생인 김 회장은 서울대 경제학과를 졸업한 뒤 1985년 행정고시 29회로 관가에 입문했다. 재정경제부 종합정책과장, 기획재정부 경제정책국장, 기획조정실장 등을 거쳐 2016∼2017년 대통령실 경제금융비서관을 지냈다. 임기는 이달 9일부터 2026년 12월 8일까지 3년이다.",헤럴드경제
17,삼성·현대車 등 '10대 그룹' 내부거래 196조…5년 만에 최대 증가,유재희 기자,2023.12.11. 오후 3:47,2023.12.11. 오후 3:48,"공정거래위원회.지난해 삼성·현대자동차·SK 등 자산 상위 10대 기업집단의 국내계열사 간 내부 거래액이 200조원에 달하는 것으로 나타났다. 전년 대비 40조원 넘게 늘어나 최근 5년간 가장 크게 증가했다.공정거래위원회가 11일 발표한 '2023년 공시대상기업집단 내부거래 현황'에 따르면 올해 지정된 82개 공시대상기업집단(소속 2503개 계열사)의 지난해 기준 국내외계열사간 내부거래 비중은 33.4%, 거래 금액은 752조5000억원이다.이 중 국내계열사 간 내부거래 비중은 12.2%(금액 275조1000억원), 국외계열사와의 내부거래 비중은 21.2%(금액 477조3000억원)이다. 국외계열사와의 거래가 많았던 것은 해외 고객을 위한 해외거점 판매법인(국외계열사)과 사이에서 대규모 매출이 발생했기 때문이다.국내외계열사 간 내부거래 금액이 가장 큰 집단은 삼성(244조2000억원)이었고 △현대자동차(131조6000억원) △SK(125조원) △LG(61조9000억원) △포스코(45조9000억원) 등이 뒤를 이었다.내부거래 비중이 높은 집단은 △셀트리온(62.5%) △한국타이어(62.4%) △삼성(58.3%) △SK(55.8%) △현대자동차(52.9%) 순이다. (서울=뉴스1) 오대일 기자 = 윤석열 대통령이 6일 부산 중구 깡통시장을 방문해 기업인들과 떡볶이를 시식하고 있다. 왼쪽부터 최재원 SK 수석부회장, 이재용 삼성전자 회장, 조현준 효성 그룹 회장, 윤 대통령, 구광모 LG그룹 회장, 김동관 한화그룹 부회장, 정기선 HD현대 부회장. (대통령실 제공) 2023.12.6/뉴스1  Copyright (C) 뉴스1. All rights reserved. 무단 전재 및 재배포,  AI학습 이용 금지.한편 올해 신규 지정 기업집단을 제외한 2년 연속 분석 대상 기업집단(74개)을 보면 국내계열사 간 내부거래 비중은 12.3%로 전년(11.7%) 대비 늘었다. 거래금액도 270조8000억원으로 전년(216조4000억원) 대비 크게 증가했다. 특히 총수 있는 상위 10대 기업집단의 내부거래 금액은 196조4000억원으로 전년(155조9000억원)보다 40조5000억원 늘었다. 최근 5년간 가장 큰 증가폭이다. 여기서 상위 10대 기업집단은 삼성·SK·현대차·LG·롯데·한화·GS·HD현대·신세계·CJ 등이다.이들의 내부거래 비중은 13.9%로 전년 대비(12.9%) 1.0%p 증가했다.또 총수일가 또는 총수 2세 지분율이 높을수록 내부거래 비중이 높았다. 특히 총수일가 지분율이 20% 이상인 계열회사의 국내 계열사 간 내부거래 비중이 11.7%로 전년 대비 3.1%p 증가했다.특수관계인의 부당이익 제공 행위 관련 규제 대상 회사의 국내외 계열사 전체 내부거래 비중은 15.6%, 금액은 53조원이다. 해당 규제 대상 회사에는 총수일가 보유 지분이 20% 이상이거나 그러한 회사가 50%를 초과해 보유한 자회사가 해당된다.이 중 국내계열사 간 내부거래 비중(금액)은 10.8%(36조7000억원), 국외계열사와의 내부거래 비중(금액)은 4.8%(16조3000억원)이다.아울러 국내계열사 간 거래의 90.8%는 수의계약을 통해 이뤄진 것으로 나타났다. 비상장사(92.5%)가 상장사(88.9%)보다 수의계약 비중이 높았다.업종별로 살펴보면 내부거래 비중은 사업지원 및 임대 서비스업(40.1%)과 과학 및 기술서비스업(38.5%) 등이 높았다. 내부거래 금액은 제조업(154조4000억원)과 건설업(21조9000억원)이 컸다.",머니투데이
18,"[기업] 미래에셋 박현주·네이버 최수연, 청년 20인과 '갓생한끼'",홍상희 기자,2023.12.11. 오후 4:43,2023.12.11. 오후 6:41,"한국경제인협회는 한국판 '버핏과의 점심'인 '갓생한끼'의 두 번째 행사로 박현주 미래에셋그룹 회장과 최수연 네이버 대표를 초청해 청년과의 만남을 진행했다고 밝혔습니다.오늘 서울 중구 미래에셋센터원에서 열린 행사에서 박 회장과 최 대표는 스타트업 대표와 직장인, 대학생 등 청년 스무 명을 만나 질의응답을 통해 기업가 정신과 꿈과 계획 등 다양한 의견을 나눴습니다.한국경제인협회가 기획한 '갓생한끼'는 '국민 소통' 프로젝트의 하나로 한경협은 지난 5월 정의선 현대자동차그룹 회장과 박재욱 쏘카 대표, 청년들을 초청해 '갓생한끼' 첫 번째 행사를 개최했습니다.※ '당신의 제보가 뉴스가 됩니다'[카카오톡] YTN 검색해 채널 추가[전화] 02-398-8585[메일] social@ytn.co.kr",YTN
19,"하나금융, DJSI 최상위 등급 '월드지수' 2년 연속 편입",정소양 기자,2023.12.11. 오후 3:22,2023.12.11. 오후 3:22,"리스크관리·인권경영·탈탄소전략 등 다양한 부문에서 높은 평가하나금융그룹이 '2023 다우존스지속가능경영지수(DJSI)' 평가에서 'DJSI 월드 지수'에 2년 연속 편입됐다고 11일 밝혔다. /하나금융그룹 제공하나금융그룹은 지난 8일(현지시간) 미국 스탠더드 앤 푸어스 글로벌(S&P Global)이 발표한 '2023 다우존스지속가능경영지수(DJSI)' 평가에서 최상위 등급인 'DJSI 월드 지수'에 2년 연속 편입됐다고 11일 밝혔다.이는 지난 11월 국내 ESG 평가·분석기관인 서스틴베스트가 발표한 '2023 하반기 ESG 종합평가'에서 전체등급이 상반기 대비 한 단계 상승한 'AA'를 획득한 데 이어, DJSI에서도 2년 연속 월드지수에 편입됨으로써 국내외 ESG 평가에서 그룹의 우수한 ESG 역량을 인정받은 데 따름이다.DJSI는 기업의 경제적 성과뿐만 아니라 환경·지배구조·사회적 측면도 종합적으로 고려하는 평가 지수로, 특히 'DJSI 월드지수'는 전 세계 시가총액 상위 2500여개 기업 중 지속가능경영평가가 상위 10%에 해당하는 기업에게 부여되는 DJSI 최고 등급이다.하나금융그룹은 이번 ESG 종합평가를 통해 △중대성 평가 △리스크관리 △기업윤리 △세무전략 △기후변화 전략 △탈탄소전략 △인권 등 다양한 부문에서 글로벌 최상위 수준의 평가를 받았다.하나금융그룹 ESG 기획팀 관계자는 ""이번 DJSI 월드 지수 2년 연속 편입은 '함께 성장하며 행복을 나누는 금융'이라는 그룹의 미션을 실천해온 노력이 글로벌 ESG 평가기관을 통해 인정받은 의미 있는 결과""라며, ""앞으로도 하나금융그룹은 지속가능한 성장을 위해 다양한 사회구성원들과 적극 소통하며 글로벌 ESG 경영을 선도하는 데 앞장서겠다""고 말했다.발로 뛰는 더팩트는 24시간 여러분의 제보를 기다립니다.▶카카오톡: '더팩트제보' 검색▶이메일: jebo@tf.co.kr▶뉴스 홈페이지: http://talk.tf.co.kr/bbs/report/write",더팩트
20,"'의대정원 증원 반대"" 오늘부터 일주일간 의사파업 찬반 투표",지윤수 기자,2023.12.11. 오후 2:08,2023.12.11. 오후 2:22,"이필수 의협 회장(가운데) [자료사진]정부의 의과대학 정원 확대에 반대하는 대한의사협회가 회원들을 상대로 총파업 설문조사에 들어갔습니다.의협의 '대한민국 의료붕괴 저지를 위한 범의료계대책특별위원회'는 오늘부터 17일까지 의사 회원을 대상으로 '일방적 의대정원 증원 저지 총파업 관련 전 회원 대상 설문조사'를 시행합니다.이번 설문은 의협 회원의 다수를 차지하는 개원의를 중심으로 진행될 예정으로, 의협에 따르면 설문 결과는 공개하지 않는 쪽으로 가닥이 잡혔습니다.의협 관계자는 ""단체 행동에 동의하는 답변이 많아도 바로 총파업에 돌입하지 않을 것""이라며 ""정부와 대화해서 안 될 경우 총파업까지 할 수 있다는 데 대한 회원들의 동의를 얻는 것""이라고 설명했습니다.의협이 말한 '총파업'은 진료거부를 뜻하는 집단 휴진인데, 의료법에 따르면 의료인이 정당한 사유 없이 진료를 중단하거나 의료기관 개설자가 집단 휴업해 환자 진료에 지장을 초래하면 복지부 장관이나 지자체장이 업무개시 명령을 할 수 있습니다.복지부는 대화를 이어가는 와중에 의협이 총파업 카드를 꺼낸 데 대해 유감을 표하는 한편, 어제 보건의료 위기 '관심' 단계를 발령했습니다.",MBC
22,"'호원초 교사 사망' 학부모 조사 완료…""금전 강요 없었다"" 주장",김현정 기자,2023.12.11. 오후 6:03,2023.12.11. 오후 6:04,"경찰, 관련 학부모 3명 소환 조사 400만원 받은 학부모 ""교사가 먼저 연락해""경기 의정부 호원초등학교 고(故) 이영승 교사 사망사건을 수사 중인 경찰이 피고소인인 학부모 3명에 대한 소환 조사를 완료했다. 학부모들은 자녀의 치료나 결석 문제 등을 논의하기 위해 이 교사에게 연락했을 뿐 강요나 협박 등은 없었다고 진술했다.11일 경찰에 따르면 숨진 이 교사의 유족이 강요 등 혐의로 학부모 3명을 고소한 사건과 관련해 지난 9일 피고소인인 학부모 A씨를 불러 조사했다.A씨는 이 교사가 부임 첫해인 2016년 담임을 맡았던 6학년 학생의 부모다. A씨의 아들은 수업 시간 도중 커터칼로 페트병을 자르다가 손등을 다친 일과 관련해 경기도학교안전공제회로부터 두차례 치료비를 보상받았음에도 A씨는 이 교사가 입대한 뒤에도 지속해서 연락해 8개월에 걸쳐 400만원을 받은 것으로 알려졌다. 지난 8월 경기 의정부시 호원초등학교 앞에 고인이 된 교사를 추모하는 화환이 줄지어 놓여 있다.[사진출처=연합뉴스]A씨는 이 교사가 입대한 후까지 계속 연락한 이유에 대해 ""아이가 수업 시간에 다친 후 (이영승 교사가) 교원공제회에서 보상받는 절차에 대해 잘못 설명했고, 그 점이 미안했는지 이 교사가 먼저 적극적으로 연락해왔다""며 ""협박과 강요 등은 없었다""고 진술했다. 또 그는 돈을 받은 이유에 대해서도 ""이 교사가 도의적으로 치료비를 줘서 받았다""고 말한 것으로 전해졌다.다른 학부모 2명 또한 코로나19로 인한 결석 문제로 연락했을 뿐 괴롭힘이나 협박, 강요 등은 없었다고 진술했다.경찰은 학부모들과 고소인인 유가족들의 진술이 다른 만큼, A씨의 휴대전화를 제출받아 포렌식 작업을 진행하고 있다. 휴대전화 포렌식 결과 특이점이 발견되면 A씨를 한 차례 더 불러 조사할 예정이다. 또 경찰은 직무 유기 등 혐의로 고소된 호원초 교장·교감과 교육행정직 공무원 등 총 5명도 조만간 불러 조사를 진행할 계획이다.앞서 경찰은 이 교사가 생전에 사용하던 휴대전화 4개를 확보해 포렌식 작업을 했다. 현재까지 학부모들의 강요나 협박으로 볼만한 증거나 정황은 나오지 않은 것으로 전해졌다.이영승 교사는 호원초에서 근무 중이던 2021년 12월 극단적 선택으로 숨졌다. 당시 학교 측은 이 교사의 죽음을 단순 추락사로 보고했지만, 이후 이 교사가 생전에 학부모들로부터 지속해서 악성민원으로 인한 괴롭힘을 당했다는 의혹이 제기되며 교육청 감사로 이어졌다. 교육청은 지난 9월 학부모 3명을 업무방해 혐의로 수사 의뢰했고, 유가족 측도 이들에 대한 고소장을 제출했다. 한편 이영승 교사는 지난 10월 사망 2년 만에 순직을 인정 받았다.  ",아시아경제
23,봉화 석포제련소에서 비소 중독 사고...협력업체 직원 1명 숨져,김근우 기자,2023.12.10. 오후 6:54,2023.12.10. 오후 6:57,"제련소서 작업한 근로자 2명 복통 등 이상 증세몸 상태 급격히 나빠져…사흘 만에 60대 1명 사망몸에서 '비소' 성분, 감독 직원 2명에게서도 검출[앵커]경북 봉화 석포제련소에서 협력업체 근로자 1명이 비소중독으로 추정되는 증상을 보이다 숨졌습니다.경찰과 노동 당국은 가스가 누출됐을 가능성에 무게를 두고 조사에 착수했습니다.김근우 기자가 보도합니다.[기자]경북 봉화에 있는 영풍 석포제련소입니다.지난 6일, 이 공장에서 작업을 마치고 퇴근한 협력업체 직원 두 명에게 복통 등 이상 증상이 나타났습니다.119를 불러 병원으로 갔지만, 상태가 급격히 나빠지면서 결국, 사흘 만에 64살 A 씨가 숨졌습니다.이들은 화학 용액이 담긴 탱크 위에 설치된 모터를 교체하는 작업을 했던 것으로 파악됐습니다.[소방 관계자 : 복통으로 숨쉬기 힘들다고 (호소했고), 저희가 이송할 때는 예를 들어서 사망에 이를 정도의 그런 증상까지는 아닌 거로 일단 판단된 것 같거든요.]조사 결과 이들의 몸에서 나온 건 맹독인 비소 성분이었습니다.작업자 2명에 더해 감독을 맡았던 직원 2명의 몸에서도 같은 물질이 검출됐습니다.경찰은 이들이 작업 도중 새어 나온 가스에 중독된 거로 보고 수사에 착수했습니다.[경찰 관계자 : 정확히는 '삼수소화 비소'인가, 하여튼 모터 교체하면서 거기서 나온 거 같거든요. 노출된 게.]숨진 A 씨를 제외한 3명은 병원 치료를 받으며 회복 중인 거로 전해졌습니다.제련소 측은 현장 작업을 모두 중단한 뒤 안전조치를 진행하고 있다고 밝혔습니다.또, 사고 원인을 밝히기 위한 조사에도 협조하겠다고 전했습니다.경찰과 노동 당국은 현장 감식 등을 거쳐 어떻게 가스가 새 나온 건지 조사할 계획입니다.석포제련소는 상시 근로자가 50명이 넘어 중대재해처벌법 적용 대상 사업장입니다.YTN 김근우입니다.촬영기자: 전기호그래픽: 최재용※ '당신의 제보가 뉴스가 됩니다'[카카오톡] YTN 검색해 채널 추가[전화] 02-398-8585[메일] social@ytn.co.kr",YTN
24,"검찰, 송영길 영장청구 방침…“돈봉투 마련·전달책 모두 구속”",김철웅 기자,2023.12.11. 오전 12:01,2023.12.11. 오전 9:04,"  더불어민주당 전당대회 ‘돈봉투 의혹’ 사건의 핵심 인물인 송영길 전 민주당 대표가 지난 8일 서울중앙지방검찰청에 출석하고 있다. 송 전 대표는 이날 진술 거부권을 행사했다. [뉴시스]           검찰이 ‘전당대회 돈봉투 살포 의혹’과 관련해 조만간 송영길 전 더불어민주당 대표에 대해 구속영장을 청구하는 방안을 적극 검토 중이다. 자금 조성 및 전달 역할을 한 피의자들이 이미 구속된 상태여서 ‘최종 수혜자’ 격인 송 전 대표도 구속 수사가 불가피하다는 판단에서다.      검찰은 지난 8일 송 전 대표를 정치자금법 위반, 뇌물 혐의 등으로 소환조사했다. 지난 4월 윤관석 의원 등을 압수수색하며 돈봉투 의혹 수사를 본격화한 지 8개월 만이다. 검찰 내부는 야당인 더불어민주당 소속 의원들이 대거 연루된 사건인 만큼 내년 총선에 영향을 미치지 않기 위해서라도 연내 수사를 마무리해야 한다는 분위기다.      송 전 대표가 조사에서 진술 거부권을 행사한 만큼 추가 소환도 없을 거라고 한다. 송 전 대표 측은 “(검찰이) 별건수사를 포함해 오래 시간을 끌었으니 구속 시도를 할 것이다. 영장실질심사를 준비하고 있다”고 밝혔다. 검찰 수사에서 변론 전략을 노출하지 않고, 법원에서 다투겠다는 전략이다.      검찰은 ▶정당 대표 선출 과정에서 금품을 주고받은 것은 민주적 헌법질서를 오염시킨 중대 범죄라는 점 ▶강래구(보석), 박용수, 윤관석 등 자금 마련책과 전달책이 모두 구속돼 형평성을 고려해야 한다는 점 ▶송 전 대표가 지난 4월 프랑스에서 귀국하기 전에 국내에서 사용한 휴대전화를 폐기하는 등 증거인멸 정황이 있다는 점 등을 구속 사유로 검토 중이다.      앞서 기소된 강래구 전 한국수자원공사 상임감사위원은 지난 7월 법정에서 “윤관석 의원에 돈을 제공했다”고 혐의를 일부 인정했다. 송 전 대표의 보좌관이었던 박용수씨 역시 지난 9월 “이정근 전 민주당 사무부총장을 통해 윤 의원에게 6000만원을 전달했다”고 했고, 11월엔 “300만원이 든 봉투를 10개씩 두 차례 준비해 전달했다”는 취지로 말했다. 송 전 대표의 ‘스폰서’ 역할을 했던 사업가 김모씨는 지난 4일 공판에 증인으로 출석해 “강래구로부터 돈을 지원해 달라는 요청을 받고, 현금 5000만원을 박용수 보좌관에 전달했다”면서 “(송 전 대표가 당선 이후) ‘여러 가지로 도와줘서 고맙다’고 말했다”고 했다.      검찰은 최종 수혜자인 송 전 대표의 묵인 또는 인지하에 조직적인 돈봉투 살포가 이뤄졌다고 보고 있다. 다만 살포 현장을 직접 목격했다거나 송 전 대표에 보고했다는 증언은 아직 나오지 않았다. 윤 의원 역시 “각 봉투당 300만원이 아니라 100만원이었고 돈봉투를 보관만 한 것”이라는 입장을 유지하고 있다.      이 사건 수사가 당초 예상보다 길어지고 있고 외부에서 보기에 송 전 대표에 대한 구속 여부가 곧 수사 결론으로 비칠 수 있다는 점도 구속 필요성에 무게를 더하는 요소다. 검찰 관계자는 “증거와 법리에 따라 원칙만으로 영장 청구 여부를 결정할 것”이라고 말했다.      이에 대해 송 전 대표는 “검찰이 정치적 기획 수사에도 저에 대한 증거 조작이 제대로 안 되니 주변 사람들을 압수수색하고 허위 사실로 구속했다”는 입장이다. 평소 쓰던 휴대전화를 해외에서 폐기한 것도 “외국에선 국내 회선을 유지할 필요가 없고 기기를 버린 것도 지난해 12월”이라며 증거인멸과 관련이 없다고 주장하고 있다.    ",중앙일보
25,"[속보] 검찰, ‘등산로 살인’ 최윤종에 사형 구형…“전혀 반성없어”",조성신 기자,2023.12.11. 오후 5:31,2023.12.11. 오후 5:40," ‘등산로 살인’ 최윤종 모습 [사진 = 연합뉴스]서울 관악구 신림동에서 여성을 성폭행할 목적으로 무차별하게 폭행하다 살해한 최윤종(30)에게 검찰이 사형을 구형했다.검찰은 11일 서울중앙지법 형사합의26부(정진아 부장판사) 심리로 열린 최윤종의 결심 공판에서 “전혀 반성하지 않고 사회에 복귀할 경우 재범 위험이 큰 점, 피해자 유족의 돌이킬 수 없는 피해를 살펴 최윤종에게 사형을 선고해달라”고 요청했다.검찰은 “이 사건은 피고인이 낮 시간 도심 내 공원 등산로에서 일면식도 없는 사람을 성폭행하고 살인한 것으로, 이런 범죄를 저지른 사람은 가장 중한 처벌을 피할 수 없다는 인식이 퍼지도록 상응하는 처벌이 필요하다”고 강조했다.최윤종은 지난 8월 17일 신림동 관악산생태공원과 연결된 목골산 등산로에서 피해자 A씨를 성폭행하려 철제 너클을 낀 주먹으로 무차별 폭행하고 최소 3분 이상 목 졸라 살해한 혐의로 재판에 넘겨졌다.A씨는 현장에서 약 20분간 방치됐다가 심정지 상태로 병원에 옮겨졌고 이틀 뒤 저산소성 뇌 손상으로 숨졌다.",매일경제
26,강원에 ‘한겨울 폭우’…호우-대설 특보 동시 발령,김예윤 기자,2023.12.11. 오후 8:28,2023.12.11. 오후 8:32,"강원 산간지역에 내린 눈 자료사진.한겨울 강원도에 호우특보와 대설특보가 동시에 내려지는 이례적인 기상 현상이 발생했다. 12월 강원도에 호우특보가 내려진 것도, 한 지역에 호우특보와 대설특보가 함께 내려진 것도 모두 1999년 이래 처음이다.11일 기상청에 따르면 기상특보 관리 시스템 본격 운영(1999년) 이래 처음으로 강원 지역에 ‘한겨울 폭우’가 내리는 매우 드문 현상이 관측됐다. 기상청은 12일까지 강원 영동 지역에 50~150mm, 곳에 따라 최대 150mm의 비가 내리겠다고 예보하며 강원 삼척 평지·북부 산지 및 제주, 경북에 호우특보를 내렸다. 경북 동해안과 울산의 예상 강수량은 30~80mm, 전남 남해안 20~60mm, 수도권과 중부지방에는 10~40mm가 예상된다.기상청에 따르면 11일 강원 강릉(65.9mm), 동해(53.9mm) 등 일부 지역은 12월 일일 최고 강수량을 경신했다. 또 이날 오후 7시 기준 강원 삼척 160mm 경북 울진 148mm, 제주 서귀포에 115mm의 비가 내렸다.제주를 제외한 주요 도시에서 12월 일 강수량이 100mm가 넘은 경우는 1952년 12월 19일 울산(164.2mm) 정도다.기록적인 겨울비와 함께 눈도 내린다. 강원 북부 산지에는 12일까지 최대 50cm 이상의 눈이 예상돼 대설경보가 내려졌다. 강원 중·남부 산지와 고성 평지 등에도 대설 예비특보가 내려졌다. 기상청은 “기온이 이례적으로 높아 고도가 낮은 지역은 비, 높은 곳은 눈이 내리며 호우와 대설특보가 동시에 발령됐다. 총강수량이 200mm 이상이 될 수도 있다”고 내다봤다.",동아일보
27,수사 중에 '또'… 차량 훔치고 경찰관 들이받은 청소년들,고상현 기자,2023.12.11. 오전 11:34,2023.12.11. 오전 11:34,"최근 45일 동안 차량·오토바이 13대 훔쳐 몰아…경찰 구속영장 신청제주동부경찰서. 고상현 기자차량을 훔치고 출동한 경찰관을 차로 들이받은 10대 청소년들이 경찰에 붙잡혔다. 제주동부경찰서는 특수절도와 특수공무집행방해 혐의로 10대 A군 등 2명을 붙잡아 조사하고 있다고 11일 밝혔다. 경찰은 이들에 대해 재범 가능성이 크다고 보고 구속영장을 신청했다. 이들은 지난 9일 오후 6시 30분쯤 제주시 도련동 한 주택가에 세워진 차량을 훔치고 무면허 상태로 운전한 혐의다. 이들은 이날 2시간여 동안 제주시에서 차를 몬 것으로 조사됐다.  피해자 신고로 수사에 나선 경찰은 도난차량 긴급수배로 이들의 위치를 확인했다.  경찰 순찰차 4~5대가 동시에 이들을 추적했다. 이날 밤 제주시 건입동 한 골목길에서 순찰차들이 퇴로를 막아섰다. 하지만 이들은 차에서 내리지 않고 그대로 차를 몰며 도주를 시도했다.  이 과정에서 이들이 차량을 전진 후진을 반복해 경찰관 2명이 다쳤다. 당시 이들은 다른 사건으로 수사 받는 와중에 재범했다. 조사 결과 이들은 올해 10월 25일부터 지난 9일까지 45일 동안 모두 20차례에 걸쳐 차량 4대와 오토바이 9대를 훔쳐 몰았다. 특히 이들은 지난달 30일 경찰이 신청한 구속영장이 기각된 지 일주일 만에 재범했다. 경찰 관계자는 ""피의자들은 가출 청소년으로 재범 우려가 높아 기존 사건들을 모두 합쳐서 재차 구속영장을 신청했다. 피의자들에 대한 여죄 등을 철저히 수사할 예정""이라고 강조했다.※CBS노컷뉴스는 여러분의 제보로 함께 세상을 바꿉니다. 각종 비리와 부당대우, 사건사고와 미담 등 모든 얘깃거리를 알려주세요.이메일 : jebo@cbs.co.kr카카오톡 : @노컷뉴스사이트 : https://url.kr/b71afn",노컷뉴스
28,"경찰, '업무상 횡령' 혐의 박현종 전 BHC 회장 자택·본사 압수수색",윤웅성 기자,2023.12.11. 오후 5:26,2023.12.11. 오후 5:29,경찰이 박현종 전 BHC 회장의 업무상 횡령 등 의혹과 관련해 강제수사에 나섰습니다.서울경찰청 반부패·공공범죄수사대는 오늘(11일) 업무상 배임과 횡령 혐의로 박 전 회장의 서울 송파구 자택과 BHC 본사 등을 압수수색했습니다.박 전 회장은 20억 원에 달하는 회삿돈을 빼돌려 개인적으로 쓴 혐의를 받는 것으로 알려졌습니다.박 전 회장은 10년 동안 BHC 회장직을 맡아 오다 지난달 돌연 해임됐습니다.※ '당신의 제보가 뉴스가 됩니다'[카카오톡] YTN 검색해 채널 추가[전화] 02-398-8585[메일] social@ytn.co.kr,YTN
29,"""집에서 안 나간다""던 고립은둔 청년들…세상 밖으로 나왔다",최해련 기자,2023.12.11. 오후 3:59,2023.12.11. 오후 4:22,"서울시, 고립은둔 청년 종합지원대책 올 4월 발표고립은둔 청년 557명 세상 밖으로 나왔다내년 2~3년 장기관리 전담센터 구축'청년 공간 활동'하는 고립·은둔청년 모습. / 사진=서울시서울시는 올해 총 557명의 고립은둔 청년들이 지원사업에 참여했다고 11일 밝혔다. 이 중 126명은 프로그램 참여 이후 3달 이내에 경제활동을 시작하거나 진학하는 등 사회로 복귀했다.고립청년은 물리적·정서적으로 타인과 관계망이 단절됐거나 외로움 등의 이유로 일정 기간 고립 상태인 청년, 은둔 청년은 집안에서만 지내며 일정 기간 사회와 교류를 차단하고 최근 한 달 내 직업·구직 활동이 없는 청년을 말한다. 활동형, 활동제한형, 은둔형 총 세 가지 유형으로 나뉜다.사업에 신청한 고립·은둔 청년은 총 1119명이다. 고립의 깊이를 검사하고 초기 상담을 거쳐 고립은둔 청년으로 분류되는 557명을 지원했다.시가 제공하는 프로그램은 40개 이상이다. 정서 회복을 돕는 마음건강 상담을 비롯해, 일상생활에 활력을 북돋는 활동형 프로그램(예술, 운동, 취미, 원예 등) 다양하다. 청년들이 고립·은둔 생활을 시작하게 된 계기로는 '실직 또는 취업에 대한 어려움(45.5%)'이 가장 많았다는 연구결과 있다(서울시 고립은둔 청년 실태조사). 오랜 기간 취업 준비로 인해 어려움을 겪는 이들이 받을 수 있는 진로 탐색과 일 경험 프로그램도 있다. 프로그램을 통해 청년들의 상태가 개선됐다는 후문이다. 사전·사후 검사를 비교한 결과 청년의 전반적인 고립감이 평균 67.7점에서 52.8점으로 약 22% 감소했고, 전체적으로 고립 고위험군에서 저위험군으로 개선됐다고 한다. 자기효능감과 사회적 지지는 각 23.4점에서 27.8점, 17.6점에서 21.6점으로 올랐고, 우울감은 23.7점에서 14.5점으로 줄었다.지난 4월 24일 서울 은평구 불광동 '두더집'을 찾아 고립·은둔 청년들 및 현장 활동가, 관계자들과 이야기를 나눈 오세훈 서울시장. / 사진=서울시고립은둔 지원사업에 참여한 후 3개월 이내에 진로 변화, 자립을 경험한 청년은 126명(전체 응답자 310명)으로 집계됐다. 취업 48명, 아르바이트 46명, 진학 14명, 교육·자격증 취득 9명, 구직활동 시작 8명, 자영업 1명이었다.시는 이날 고립은둔청년 지원사업 참여자들이 그간의 활동을 돌아보며 서로를 독려하는 '2023년 서울 고립·은둔청년 성과공유회'를 중구 커뮤니티하우스 마실에서 개최했다. 오 시장은 이날 청년과 부모님을 만나 사업 참여 후기를 들었다. 또 고립은둔청년 종합지원대책에 참여한 이들이 직접 만든 미술작품과 도자기, 케이크 등을 함께 살펴봤다.시는 내년부터 지원 사업을 한층 더 업그레이드해 진행할 계획이다. 찾아가는 지역 거점 상담을 신설해 발굴 체계와 홍보를 강화할 계획이다.고립·은둔 청년을 2∼3년간 장기적으로 관리하는 전담센터를 구축할 예정이다. 사후 관리를 통해 고립·은둔의 장기화를 방지하기 위함이다. 또 당사자뿐 아니라 부모, 지인 등 고립은둔 청년의 주변 사람에 대한 지원 프로그램도 확대한다. 가족 지원 방향과 내용은 내년 중 구체화해 가동한다.오 시장은 ""한 명의 고립·은둔 청년이라도 더 사회와 함께하겠다는 의지를 가지고 자립할 수 있도록 다양한 프로그램을 통해 응원하고 지원할 것""이라고 말했다.",한국경제
30,[내일날씨]12월인데 연일 '겨울비·눈'… 모레는 '한파',김형민 기자,2023.12.11. 오후 6:23,2023.12.11. 오후 6:24,"오는 12일까지 강원영동과 경북동해안을 중심으로 비, 강원산지에는 눈이 많이 내리겠다.약한 비가 내리고 있는 11일 서울 마포구 공덕오거리 인근에서 시민들이 우산을 쓰고 이동하고 있다. 사진=강진형 기자aymsdream@기상청에 따르면, 중국 상하이 쪽에서 발달한 저기압이 서해남부해상 쪽으로 우리나라를 지나가면서 11일 비와 눈을 뿌린 패턴이 12일에도 나타나겠다.본래 중국 남부지방에서 저기압이 발달해 우리나라 남쪽을 지나가는 패턴은 주로 2월에서 3월로 넘어가는 때에 나타난다. 12월엔 주로 우리나라 북서쪽에서 대륙고기압이 확장했다가 발해만에서 이동성고기압으로 변질돼 우리나라를 지난 뒤 이 고기압 뒤쪽으로 저기압이 따라 지나가는 형태가 많다. 하지만 올해는 날씨가 다른 패턴을 보이고 있다.전날부터 이날 오후 5시까지 강원 강릉엔 89.7㎜ 비가 내렸다. 특히 북강릉(강릉시 사천면) 누적 강수량은 103.8㎜에 달했다. 북강릉엔 이날에만 57.4㎜ 비가 쏟아졌다. 이는 체계적으로 기상관측이 시작한 2008년 이후 12월 일강수량으로는 가장 많았다. 동해도 이날 일강수량이 53.9㎜로 1992년 이후 12월 일강수량 최고치였다.다른 지역의 전날부터 이날 오후 5시까지 누적 강수량은 강원 속초 69.0㎜, 제주 서귀포 46.1㎜, 경북 경주 45.6㎜, 부산 32.8㎜, 대구 21.7㎜, 대전 21.3㎜, 서울 6.1㎜ 등이다.기온이 낮은 강원북부산지에는 눈이 많이 쌓였다. 향로봉에는 오후 5시 현재 47㎝의 눈이 쌓여있다.이번 비와 눈은 대부분 지역에서 12일 오전까지 이어지다가 멎겠다. 전남과 경남은 12일 오후까지, 강원영동과 제주까지는 저녁까지 강수가 계속될 것으로 전망된다. 강원영동 일부에는 앞으로 120㎜ 이상 비가 더 내릴 수 있겠다.앞으로 더 내릴 비의 양은 강원영동·경북동해안·울산 30~80㎜(강원영동 최대 120㎜ 이상·경북북부동해안 최대 100㎜ 이상), 부산과 경남남해안 20~60㎜, 수도권·서해5도·강원영서·충청·대구·경북내륙·경남내륙·울릉도·독도 10~40㎜, 제주와 호남 5~40㎜로 예상된다.추가 적설량 예상치는 강원북부산지 20~30㎜(최대 40㎝ 이상), 강원중부산지 10~20㎝(최대 30㎝ 이상), 강원남부산지 5~10㎝(최대 15㎝ 이상), 강원북부내륙과 강원북부동해안 2~7㎝, 경북북동산지 1~3㎝, 경기북동부 1㎝ 내외다.기온은 12일까지 평년기온보다 높은 수준을 유지하겠다. 12일 아침 최저기온은 1~11도, 낮 최고기온은 5~13도일 것으로 예상된다. 주요 도시 예상 최저기온과 최고기온은 서울 5도와 10도, 인천 4도와 8도, 대전 6도와 11도, 대구 7도와 12도, 울산 10도와 11도, 부산 10도와 12도다.비가 그친 뒤 대륙고기압이 확장하면서 13일에는 기온이 뚝 떨어지겠다. 13일 아침 기온은 12일보다 5~10도 떨어져 영하권으로 내려가겠다.대부분 지역에 12일까지 순간풍속이 시속 55㎞(산지는 시속 70㎞) 이상인 강풍이 불겠다. 바다의 경우 서해상과 남해서부해상엔 12일까지, 나머지 해상엔 13일까지 바람이 시속 35~65㎞로 불고 물결이 2~4ｍ(서해남부먼바다와 동해상엔 최대 5ｍ 이상) 높이로 높게 일겠다. 동해안에 당분간 너울 때문에 갯바위나 방파제를 넘는 높은 물결이 밀려오겠으니 되도록 가지 말아야 한다.",아시아경제
31,"스노체인 장착을 버튼 하나로… 현대차·기아, 일체형 타이어 개발",허경구 기자,2023.12.11. 오전 11:12,2023.12.11. 오전 11:12,"운전자라면 겨울철 예기치 못한 폭설과 눈길을 마주했을 때 중간 지점에서 차를 세우고 타이어에 스노체인을 끼운 기억이 있을 것이다. 앞으로는 버튼 하나로 스노체인을 장착할 수 있게 될 전망이다.현대자동차·기아는 11일 형상기억합금을 이용한 스노체인 일체형 타이어 기술을 공개했다. 이 기술은 형상기억합금으로 이뤄진 모듈이 평상시에 휠과 타이어 내부에 숨어있다가 전기적 신호를 받으면 타이어 바깥으로 나오면서 스노체인 역할을 하는 원리다.전류를 가하면 원래의 모양으로 되돌아가는 형상기억합금의 특성을 이용했다. 휠과 타이어에 피자를 조각낸 모양과 같이 일정 간격으로 홈을 만들고 형상기억합금 모듈을 넣었는데, 일반 주행할 때 용수철 힘에 눌려 알파벳 ‘L’ 모양을 했다가 전류가 가해지면 원래 모양인 ‘J’ 모양으로 변하면서 타이어 밖으로 모듈을 밀어내게 된다고 한다.이 밖에도 타이어 마모가 심해 타이어의 표면이 일반 주행모드의 모듈 높이까지 낮아지는 경우 운전자가 타이어 마모를 쉽게 인지해 타이어 교체 주기를 놓치지 않게 되는 효과도 있다고 현대차·기아 측은 전했다. 현대차·기아는 관련 특허를 한국과 미국에 각각 출원했고, 기술 개발 고도화 및 내구성·성능 테스트를 거쳐 양산 여부를 검토할 계획이다.현대차·기아 관계자는 “눈길에 차량이 미끄러지는 경험은 누구나 해보지만 스노체인을 장착하고 해체하는 데 어려움이 많았다”며 “앞으로도 고객에게 더 안전하고 편리한 기술을 개발하기 위해 노력할 것”이라고 말했다.",국민일보
32,"BTS RM·뷔 오늘 입대...""배움의 시기 동안 잠시 안녕""",김잔디 기자,2023.12.11. 오전 8:38,2023.12.11. 오후 1:51,"그룹 방탄소년단(BTS)의 RM과 뷔가 오늘 나란히 현역으로 육군에 입대했습니다.RM과 뷔는 오늘(11일) 오후 1시 20분쯤 검은색 승합차를 타고 충남 논산시 육군훈련소에 입소했습니다.안전사고나 인파로 인한 혼잡을 우려해 부대 앞 송별 행사나 공식 인사는 없었습니다.RM은 어제 팬덤 플랫폼 위버스를 통해 ""지난 10년간 방탄소년단으로 살 수 있어서 너무 행복했다""며 ""이 시기가 우리 모두에게 낯설고 새로운 영감과 배움의 시기가 될 거라 믿는다""고 소감을 전했습니다.또, ""잠시 동안 안녕""이라며 ""언제 어디서든 우리가 우리이도록! 미래에서 만나자""고 인사도 건넸습니다.뷔도 지난 5일 위버스 라이브를 통해 ""설렌다""며 ""같이 (군대에) 가는 친구들이 저보다 어릴 수 있겠지만 그들과 이야기하면서 새로움도 얻을 수 있을 것""이라고 기대감을 나타냈습니다.내일(12일) 지민과 정국까지 입대하면 방탄소년단 멤버 전원이 병역 의무를 이행하게 됩니다.맏형 진은 작년 12월, 제이홉은 올해 4월 각각 입대했고 슈가는 지난 9월부터 사회복무요원 근무 중입니다.RM, 뷔, 지민, 정국의 전역 예정일은 오는 2025년 6월로 방탄소년단 멤버들과 소속사는 2025년 완전체 활동 재개를 희망하고 있습니다.※ '당신의 제보가 뉴스가 됩니다'[카카오톡] YTN 검색해 채널 추가[전화] 02-398-8585[메일] social@ytn.co.kr",YTN
34,"“만성폐쇄성폐질환 환자, 공기청정기 가동·환기 등 5가지만 잘 지켜도 질환 호전”",정진수 기자,2023.12.11. 오후 4:42,2023.12.11. 오후 4:42,"만성폐쇄성폐질환(COPD) 환자들이 미세먼지 노출을 줄이는 5가지 행동수칙만 지켜도 COPD 악화를 막을 수 있다는 연구 결과가 나왔다.     서울아산병원 호흡기내과 이세원 교수 연구팀은 40∼79세의 COPD 환자 102명을 절반으로 나눠 한집단에만 행동수칙을 9개월간 지키게 하고 질환 호전도 등을 비교한 결과 이같이 나타났다고 11일 밝혔다.         서울아산병원 호흡기내과 이세원 교수가 만성폐쇄성폐질환(COPD) 환자를 진료하고 있다. 서울아산병원 제공     연구팀이 제시한 5가지 행동 수칙은 △집 안에 공기청정기를 24시간 가동하고 필터를 정기적으로 교체 △규칙적으로 대기오염 정보를 확인 △창문을 열어 집 안을 규칙적으로 환기 △대기오염지수가 높을 때 외출을 자제 △흡입기 치료 지속 등이었다.      연구팀이 환자 스스로 COPD 상태를 체크하는 ‘세인트조지호흡기설문’과 ‘COPD 평가 테스트’를 실시한 결과 9개월 후 행동수칙을 지킨 환자 집단의 세인트조지호흡기설문 점수가 평균 35.26점에서 31.82점으로 약 3.4점 낮아졌다.이 점수가 낮아지면 질환이 호전된 것을 뜻한다. 반면 일상적인 치료만 시행한 집단은 평균 34.76점에서 37.27점으로 약 2.5점 높아졌다.      ‘삶의 질’ 평가항목인 COPD 평가 테스트 점수에서도 행동수칙을 지킨 환자 집단은 9개월 후 평균 1.2점 감소해 2.7점이 상승한 일상치료군에 비해 ‘삶의 질’이 높아진 것으로 나타났다. 행동수칙을 지킨 수준에 따라서도 결과는 나뉘었다. 행동수칙을 잘 지킨 환자의 경우 COPD 평가 점수가 17.9점에서 15점으로 떨어진 반면, 비교적 덜 지킨 환자들은 평균 13.8점에서 14.1점으로 다소 상승했다.      장기적인 흡연이나 가스 노출로 폐포가 손상돼 결국 숨쉬기 힘들어지는 COPD는 미세먼지와 관련이 있다고 알려져 있지만 환자들이 미세먼지 노출을 최대한 줄이려는 노력을 했을 때 얼마만큼 COPD가 나빠지지 않는지에 대한 연구는 없었다.     미세먼지는 입경 10μm 이하로 굵기가 머리카락 굵기 7분의 1정도다. 초미세먼지는 그 4분의 1인 입경 2.5μm 이하를 의미하는데 천식, 기관지염, 비염, 결막염 등 염증 반응으로 인해 나타나는 각종 질환과 함께 고혈압, 부정맥 등 심혈관계 질환과도 연관이 있는 것으로 알려져 있다.       이세원 교수는 “국민 건강에 악영향을 미치는 미세먼지를 줄이기 위해 근본적으로 국가적인 노력이 필요하지만 현실적으로 빠른 시간 내에는 어려울 수밖에 없다”며 “이번 연구 결과로 COPD 환자들이 평소 일상생활에서 미세먼지 노출을 줄이는 생활 습관을 꾸준히 실천하는 것이 COPD 관리에 매우 중요하다는 사실을 과학적으로 증명했다”고 말했다.     이번 연구 결과는 국제 학술지 ‘국제 환경(Environment International)’ 최근호에 게재됐다.",세계일보
35,부산시립미술관 새 사령탑 서진석 “메타뮤지엄으로 개조”,노형석 기자,2023.12.11. 오후 5:31,2023.12.11. 오후 8:03,"취임 간담회서진석 부산시립미술관장이 11일 낮 열린 취임간담회에서 내후년까지 진행할 건물 리모델링 구상을 이야기하고 있다. 유브이(UV)글라스로 벽체를 덮은 리모델링 이후 미술관 전면 이미지가 스크린에 투사된 모습도 보인다. 노형석 기자“전시장의 안과 바깥, 위와 아래가 서로 통하고 넘어서는 메타미술관으로 만들겠습니다.”전위적인 대안공간 큐레이터 출신으로 처음 국내 메이저급 공공 미술기관인 부산시립미술관 사령탑이 된 서진석(55) 관장은 11일 자신만만한 포부를 드러냈다. 국제도시 부산의 정체성과는 달리 25년 동안 별다른 시설 보강 없이 유지되어온 낡고 고루한 미술관을, 미래를 이끄는 메타뮤지엄으로 개조하는 게 지금 가장 중요한 과제라고 그는 힘줘 말했다.서 관장은 이날 부산 해운대에 있는 미술관 지하 회의실에서 열린 취임간담회에서 메타미술관을 만들기 위해 하드웨어와 소프트웨어를 모두 바꾸겠다고 했다. “해양으로 다채로운 문화가 유입되는 부산은 특유의 개방적 속성 때문에 한국 미술계와 미술시장에서 가장 역동적인 아트 신을 펼칠 적지라고 생각합니다. 로컬리티와 메타적 교류가 갈수록 중요한 화두로 부각되는 상황에서 부산시립미술관이 과거의 미술사와 미래지향적인 현대미술의 트렌드까지 포용할 수 있는 플랫폼을 구축하는 것이 필요하다고 봅니다.”430억원을 들여 내년 4월부터 시작해 2026년 재개관이 목표인 미술관 리모델링은 연결이 화두다. 연면적 2만2295㎡에 지하 2층, 지상 3층 규모의 건축물 전면을 특수 유리 패널로 덮고 분절됐던 내부 1~3층의 수직축과 외부 정원 공간과 내부 공간의 수평축을 하나로 잇는 콘셉트를 지향한다. 눈길을 끄는 건 세계 각지의 미술관 전문가들과 미래형 예술 행정 시스템을 포럼 형식을 통해 담론화하고, 미래형 미술관의 새로운 매뉴얼을 찾아내겠다는 구상이다.리모델링 공사 뒤 부산시립미술관 내부 전시공간을 보여주는 투시도. 외부 정원의 자연 환경과 내부 인공 환경이 시각적으로 연결된 무경계의 공간을 지향하는 얼개다. 부산시립미술관 제공“예술 장르의 확장성, 문화의 선도성을 실현하기 위해 2024년 하반기 전세계 예술 행정 전문가를 초청해 국제포럼을 개최할 생각을 갖고 있습니다. 머리를 맞대고 중장기 연구를 통해 조직, 예산, 소장품 관리에 관한 신 예술 행정 매뉴얼을 수년 안에 제안해볼 생각입니다. 후발 미술관에서 이런 제안까지 할 수 있겠냐는 생각도 하시겠지만, 세계 각지의 기획자, 작가들과 10여년간 네트워킹을 지속적으로 해왔기 때문에 대안을 내올 수 있다는 나름의 전망과 자신감이 있습니다.”서 관장은 1999년 개관한 1세대 대안공간 루프의 초대 기획자였고, 백남준아트센터 관장, 울산시립미술관 관장을 지내면서 백남준 등 거장과 현대미술 대가들의 미디어아트 전시로 신선한 바람을 불러일으킨 실력파 기획자다. 기존 화단의 학맥과 인맥 그물에서 비교적 자유로운 그가 부산의 미술판에서 어떤 전시 행보를 보일지 관심사로 떠오르고 있다.",한겨레
36,'천만 관객' 모을까…서울의 봄 흥행에 함께 웃는 주식은?,홍재영 기자,2023.12.11. 오후 4:19,2023.12.11. 오후 4:20,"12·12 군사 반란을 다룬 영화 '서울의 봄' 흥행 질주가 이어지면서 관련주들도 강세를 보였다.11일 코스피 시장에서 콘텐트리중앙은 전 거래일 대비 300원(1.92%) 오른 1만5960원에 거래를 마쳤다. 코스닥 시장에서 덱스터는 8.52% 상승했다. 이들 종목은 영화 '서울의 봄' 관련주로 흥행 강세 소식 영향을 받아 올랐다.영화진흥위원회 영화관입장권통합전산망의 집계에 따르면 '서울의 봄'은 이날 0시 기준 누적관객수 700만명을 넘어섰다. 지난달 22일 개봉 이후 보름 만에 거둔 성적이다. 일각에서는 이 흐름대로라면 1000만 관객 돌파도 가능하다는 기대가 나오고 있다.'서울의 봄'이 흥행가도를 달리면서 관련주에도 훈풍이 분다. 이날 종가 기준으로 콘텐트리중앙은 개봉 직전 거래일인 지난달 21일 종가(1만3950원) 대비 14.4% 상승했다. 같은 기간 덱스터는 14.5% 올랐다. 콘텐트리중앙은 '서울의 봄' 배급사인 플러스엠 엔터테인먼트의 지분을 보유하고 있다. 덱스터는 '서울의 봄'의 디지털 색보정 및 음향 작업에 참여했다.김회재 대신증권 연구원은 ""무거운 주제이고 결론도 알고있으며 영화비수기에 개봉했음에도 불구하고 흥행을 하는 이유는, 리드타임(Lead Time·제작 완료 후 개봉시까지 소요 시간)이 15개월인 비교적 신작이기 때문""이라며 ""올해 리드타임이 긴 구작들의 흥행이 부진했다""고 설명했다.'서울의 봄' 흥행과 더불어 실적 회복 전망까지 나오면서 증권가에서는 콘텐트리중앙 목표가를 상향 조정하기도 했다. NH투자증권은 지난달 28일 콘텐트리중앙 목표주가를 2만500원으로 기존 대비 28% 상향 조정했다.이화정 NH투자증권 연구원은 ""미국 배우조합 파업까지 종료되며 콘텐트리중앙 연간 영업에 대한 최대 방해 요인이 드디어 해소됐다""며 ""방송 부문의 경우 자회사 윕(Wiip)의 영업 재개(제작 및 유통 재개)로 적자폭 축소 두드러질 것이고, 극장 부문의 경우 '듄2' 등 미뤄졌던 기대작 개봉에 힘입은 박스오피스 실적 회복 본격화가 기대된다""고 분석했다.한편 영화 '서울의 봄'은 1979년 12월12일 서울에서 일어난 신군부 세력의 반란과 이를 막기 위한 일촉즉발의 9시간을 그린 영화다.",머니투데이
37,"정병국 위원장 ""15주년 창작산실 해외진출 등 성과…단계별 지원 강화할 것""",김희윤 기자,2023.12.11. 오후 7:06,2023.12.11. 오후 7:07,"공연예술창작산실, 15년간 총 274편 신작 발굴2024년 1월부터 개막, 배우 차지연 홍보대사""매년 완성도 높은 작품으로 많은 창작자와 관객에게 신뢰를 쌓아온 공연예술창작산실은 지난 15년간 ‘올해의 신작’을 통해 총 274편을 배출하는 등 다양한 성과를 기록하고 있다.""정병국 한국문화예술위원회 위원장이 11일 오후 서울 종로구 예술가의집에서 열린 '2023 공연예술창작산실 올해의 신작' 통합 기자간담회에서 '공연예술창작산실의 성과와 발전방향'에 대해 말하고 있다. [이미지출처=연합뉴스]11일 서울 종로구 예술가의집에서 열린 '공연예술창작산실' 기자간담회에서 정병국 한국예술위원회 위원장은 ""초반에는 초대권을 뿌려도 객석이 다 차지 않았지만, 이제는 전회 매진 사례도 나오고 있다""며 이같이 말했다.정 위원장은 ""특히 지난해부터 폴란드와 일본 중국 등에 작품이 다양하게 초청되며 한국 창작 공연의 해외 진출 성과를 냈다""며 ""창작뮤지컬 'HOPE:읽히지 않은 책과 읽히지 않은 인생'과 '레드북'은 안정세에 접어들었고, 오페라 작품도 꾸준히 무대에 오르고 있다""고 소개했다.2008년 '창작팩토리'로 시작한 공연예술창작산실은 제작부터 유통까지 공연예술 분야 단계별 지원을 통해 우수창작 레퍼토리를 발굴하는 사업이다. 창작산실을 통해 발굴된 뮤지컬'마리퀴리'(2018 올해의신작)는 올해 폴란드와 일본에서 성공적으로 공연을 마쳤다. 또한, 뮤지컬 '인사이드 윌리엄'(2020 올해의신작) 역시 올해 중국 상해에 초청받아 현지 무대에 오르는 등 K-창작공연의 해외 진출 가능성을 입증했다.이날 예술위는 그간의 성과와 함께 '2023 공연예술창작산실 올해의 신작'에 선정된 28편의 작품을 발표했다. 강량원 아르코·대학로예술극장 극장장은 ""동시대성, 다양성, 독창성 등을 기준으로 선정한 올해 작품들은 역사 속에 숨겨진 다양한 인물을 재조명하는 작품이 많다""며 ""현대인의 불안과 공동체에 대한 사유를 관객과 함께 나누는 작품들도 소개할 예정""이라고 설명했다.이어 강 극장장은 ""또한, 경계를 넘나드는 퍼포먼스도 충분히 즐길 수 있도록 다양한 작품을 준비했다""고 부연했다.연극은 장르별로 ▲언덕의 바리 ▲아들에게 ▲테디 대디 런 ▲이상한 나라의, 사라 ▲화전'(火田) 등 5개 작품이 선정됐다.'언덕의 바리'는 사진 한 장 남지 않은 독립운동가 '여자폭탄범 안경신'의 삶을, '아들에게'는 독립운동과 공산주의 운동을 했던 현미옥(앨리스 현)의 생애를 조명하는 작품이다. '이상한 나라의, 사라'는 조현병 환자를 둔 한 가족을 그린 이야기다. 이처럼 사회·역사적 시련 속 외면받은 인물을 재조명한 작품들이 시선을 사로잡는다.강 극장장은 ""여성 독립운동가를 다룬 두 작품의 경우 독립·민족·국가를 넘어 한 여성의 삶을 조명한다""며 ""(이들은) 사회적 약자를 피해자나 수혜자의 관점에서 그리지 않고, 주체적 입장에서 바라보는 작품들""이라고 강조했다.다섯 편의 연극 외에도 ▲창작뮤지컬 4개 작품 ▲무용 6개 작품 ▲음악 5개 작품 ▲창작오페라 3개 작품 ▲전통예술 5개 작품이 관객을 찾아갈 예정이다. 무용 부문에는 '애니멀'과 '어 다크 룸', '반가: 만인의 사유지' 등 6편, 음악은 '민요 첼로', '크로스 콘체르토 프로젝트' 등 5편, 오페라는 '3과 2분의 1 A', '지금 알고 있는 걸 그때도 알았더라면' 등 3편이 선정됐다. 전통예술 장르에선 '만중삭만-잊혀진 숨들의 기억', '물의 놀이', '남성창극 살로메' 등 5편이 이름을 올렸다.28편의 작품은 내년 1월6일부터 무대에 오른다. 아르코·대학로예술극장과 국립극장, 충무아트홀, 대전연정시립국악원 등에서 공연한다.정병국 한국문화예술위원회 위원장이 11일 오후 서울 종로구 예술가의집에서 열린 공연예술창작산실 홍보대사 위촉식에서 홍보대사 차지연과 기념촬영하고 있다. [이미지출처=연합뉴스]아울러 예술위는 좋은 창작공연들이 다양한 경로로 소개되고, 새로운 관객을 개발할 수 있도록 우수 공연의 영상화와 기관과 협력을 통해 지속적인 노력을 기울이겠다는 방침이다. 특히, ‘올해의신작’ 작품은 공연 후, 네이버TV를 통해 유·무료로 공연실황을 제공하고, 2024년 하반기에는 CGV와 함께하는 영상화 사업 '아르코 라이브'를 통해 전국 CGV 영화관에서 5편의 우수 신작을 상영할 계획이다.이날 예술위는 2024년 공연예술창작산실을 알릴 홍보대사에 배우 차지연을 선정했다. 차지연은 'HOPE' 초연에 출연했고, 2021년 '레드북'에 출연해 2022 한국뮤지컬어워즈에서 여우주연상을 수상하는 등 창작산실과 깊은 인연을 맺어왔다. 차지연은 ""지금도 무대에는 좋은 신작들이 있지만, 활발하게 활동하는 배우들과 연이 쉽게 닿지 않는 것 같다""며 ""이를 위한 소통 창구가 만들어진다면 더 다양한 배우들이 좋은 작품을 발굴하는 데 기여할 수 있을 것 같다""고 밝혔다. 이어 그는 ""우리 민족, 우리 언어를 가장 잘 이해하고 잘 표현하는 건 결국 우리 배우들""이라며 ""이를 기반으로 만들어진 창작 작품은 굉장히 많은 영감과 위로, 용기를 주는 만큼 장르에 상관없이 도전할 수 있는 창작의 기회를 널리 알리겠다""고 말했다.",아시아경제
38,"""카카오라는 이름까지도 바꿀 각오""…김범수, 직원들과 만나 경영쇄신 주문",김영은 기자,2023.12.11. 오후 4:08,2023.12.11. 오후 4:08,"11일 직원 카카오 직원 간담회인 브라이언톡에서 김범수 경영쇄신위원장이 발표하고 있다./카카오“카카오라는 이름까지도 바꿀 각오로 임하겠다” 카카오 창업자인 김범수 경영쇄신위원장 겸 미래이니셔티브센터장이 11일 오후 직원들과 만나 경영 쇄신에 대한 의지를 드러냈다. 이날 오전에는 7차 비상경영회의를 직접 주재한 데 이어 오후에는 직원 간담회인 ‘브라이언톡’을 진행해 불만이 쌓인 직원들을 만나 대화했다. 김 창업자가 직원들과 직접 대화에 나선 것은 2021년 2월 말 재산 절반을 기부하기로 하고 사회 문제 해결 방안을 임직원들과 논의한 후 2년 10개월이다. 카카오는 현재  SM엔터테인먼트 인수 과정에서 시세조종 의혹이 불거지며 배재현 투자총괄대표가 구속됐고 김성수 카카오엔터테인먼트 대표, 이준호 카카오엔터테인먼트 투자전략부문장 역시 불구속 입건돼 조사를 받고 있다. 카카오모빌리티는 택시 수수료 체계와 관련된 불신이 퍼져있고 분식회계 논란도 이어졌다. 카카오 계열사의 주가가 폭락하며 자본시장의 신뢰를 잃은 것 또한 문제도 해결해야 할 과제다. 투자자와 소비자, 정부의 신뢰를 모두 잃으면서 악재가 겹친 것이다. 김 창업자는 “기술로 더 나은 세상을 만들겠다는 포부를 가지고 카카오를 설립해 크루들과 함께 카카오톡을 세상에 내놓은 지 14 년이 되어간다”며 “‘무료로 서비스하고 돈은 어떻게 버냐’는 이야기를 들었던 우리가 불과 몇 년 사이에 ‘골목상권까지 탐내며 탐욕스럽게 돈만 벌려한다’는 비난을 받게 된 지금의 상황에 참담함을 느낀다”고 토로했다. 이어 카카오의 성장 방정식이라 믿었던 경영 시스템이 사회의 기대와 눈높이를 맞추지 못했다며 사과했다. 김 창업자는 “성장 방정식이라고 생각했던 그 방식이 더 이상 유효하지 않음을 저는 뼈저리게 느끼고 있다”며 “더 이상 카카오와 계열사는 스타트업이 아니라 자산 규모로는 재계 서열 15 위인 대기업이다. 규모가 커지고 위상이 올라가면 기대와 책임이 따르기 마련인데 그동안 우리는 이해관계자와 사회의 기대와 눈높이를 맞춰오지 못했다”고 말했다. 김 창업자는 카카오 설립 이후 자신이 계열사들에 군림하는 것이 아니라 CEO들이 각사를 스타트업처럼 독립적으로 경영하도록 했다. 공격적인 인수합병(M&A)과 상장도 이어졌다. 돈 되는 사업은 빠르게 확장하고 분사해 상장하고 경쟁하듯 M&A로 덩치를 키웠다. 이는 CEO들에게도 동기부여가 됐고 성장의 동력이 되기도 했다. 카카오는 이 때문에 그룹이나 계열사를 ‘공동체’라고 표현했다. 하지만 이에 걸맞은 ‘책임과 통제’는 제대로 마련하지 못했다. 초기 사업을 함께한 임원을 중심으로 한 회전문 인사, 잇따른 경영진의 도덕적 해이 역시 이와 무관하지 않다는 지적이 나온다.김 창업자는 ""좋은 기업을 넘어 위대한 기업이 되고자 했으나 지금은 카카오가 좋은 기업인지조차 의심받고 있다""며 ""우리를 향한 기대치와 그 간극에서 발생하는 삐그덕대는 조짐을 끓는 물속의 개구리처럼 제대로 인식하지 못했다""고 말했다. 이어 ""이런 상황까지 이르게 된 데 대해 창업자로서 진심으로 사과의 말씀을 드린다""며 고개를 숙였다. 그는 카카오의 뼈를 깎는 체질개선과 변화를 주문했다. 새로운 배를 건조하는 마음가짐으로 과거 10년의 관성을 버리고 원점부터 새롭게 설계해야 한다고 강조했다. 카카오가 사회적 이해관계자들의 기대와 눈높이를 맞추며 지속적으로 성장하기 위해 과거와 이별하고 새로운 카카오로 재탄생해야 한다는 계획도 밝혔다. 김 창업자는 ""경영쇄신위원장으로서 의지를 가지고 새로운 카카오로의 변화를 주도하고자 한다""며 ""항해를 계속할 새로운 배의 용골을 다시 세운다는 생각으로 모든 것을 재검토하고 새롭게 설계해 나갈 것""이라고 강조했다. 특히 ""카카오라는 회사 이름까지도 바꿀 수 있다는 각오로 임하겠다""며 환골탈태를 다짐했다. 카카오는 우선 확장 중심의 경영전략을 리셋하고 기술과 핵심 사업에 집중하는 방식으로 변경한다. 모든 사업을 원점에서 재검토하고 숫자적 확장보다 부족한 내실을 다지고 사회의 신뢰에 부합하는 방향성을 찾는데 집중한다는 방침이다. 그룹 내 거버넌스도 개편한다. 느슨한 자율 경영 기조에서 벗어나 새로운 카카오로 가속도를 낼 수 있도록 구심력을 강화하는 구조를 만들어 나가겠다는 다짐이다. 그는 ""문화가 일하는 기업이 되어야 한다는 생각은 변함이 없기에, 현재와 미래에 걸맞은 우리만의 문화를 처음부터 다시 만들어가야 할 것""이라며 ""우리가 당연하게 생각해 왔던 영어 이름 사용, 정보 공유와 수평 문화 등까지 원점에서 검토가 필요하다""고 강조했다. 이어 "" 지금의 이 힘든 과정은 언젠가 돌아보면 카카오가 한 단계 더 크게 도약하는 계기로 기억될 수 있을 거라 생각한다""며 ""모바일 시대에 사랑받았던 카카오가 AI 시대에도 다시 한번 국민들에게 사랑받고 사회에 기여하는 기업이 될 수 있도록 힘을 모아달라""고 당부했다. ",한경비즈니스
39,"애플vs삼성vs구글 ""손안의 AI, 1등은 나야나!""[양철민의 아알못]",양철민 기자,2023.12.11. 오전 6:01,2023.12.11. 오전 6:01,"애플, 음성비서 '시리'로 AI시장 참전'가우스전자' 삼성, 갤럭시24로 출사표구글, 제미나이로 AI 점유율 확대 꾀해퀄컴·미디어텍, NPU로 AP 1등 경쟁샤오미·비보, 온디바이스AI로 판매량↑""AI 활성화로 스마트폰 수요도 확대""[서울경제] 생성형 인공지능(AI) 시장의 주도권을 잡기 위한 빅테크 간 전장(戰場)이 웹에서 스마트폰으로 옮겨가고 있다. 클라우드에 접속 후 대규모 연산을 통해 답을 도출하는 AI 서비스가, 인터넷 접속 없이 스마트폰과 같은 단말기 내에서 답변을 해주는 ‘온디바이스(On-Device)’ 형태로 진화하고 있는 것.특히 글로벌 스마트폰 점유율(출하량 기준) 1·2위를 다투고 있는 삼성전자와 애플 간의 온디바이스 AI 경쟁이 치열해질 것이라는 분석이 제기된다. 실제 삼성전자는 내달 공개하는 ‘갤럭시S24’ 라인업에 자체 AI 서비스 ‘가우스(Gauss)’를 탑재할 것으로 알려졌으며, 애플 또한 내년 9월께 선보일 ‘아이폰16’ 라인업에 자체 생성형AI 탑재를 계획중이다. 여기에 애플리케이션프로세서(AP) 설계 업체인 퀄컴이나 미디이텍 또한 온디바이스 AI가 가능한 신경망처리장치(NPU) 등 뉴럴엔진 개발에 집중하고 있어 ‘손안의 AI’ 시장 쟁탈전이 한층 치열해지는 모습이다.━‘시리’ 업그레이드로…AI 패권 노리는 애플11일 IT 업계에 따르면 애플은 음성인식 AI비서 서비스 ‘시리(Siri)’의 음성인식률을 높이기 위해 내년 출시되는 아이폰16 시리즈부터 마이크 성능을 대폭 개선할 계획이다. 애플은 AI 음성인식 정확도를 높이는 한편 iOS 업그레이드를 통해 AI 관련 각종 부가 기능을 제공할 예정이다.애플은 여기에 더해 자체 초거대언어모델(LLM) ‘애플GPT(가칭)’ 개발에 매진하고 있다. 애플GPT는 애플이 자체 보유한 LLM 프레임워크 ‘에이젝스(Ajax)’를 기반으로 하며, 내년께 공개될 예정이다. 다만 스티브 잡스 애플 창업자가 떠난 뒤 애플 서비스의 무게 중심이 ‘혁신’ 보다는 ‘안정성 및 사용자 경험 강화’로 옮겨간 만큼 애플GPT 공개 시점이 다소 연기될 수 있다는 분석도 나온다.애플 측은 ‘챗GPT 열풍’ 이후 생성형 AI 경쟁에서 마이크로소프트, 구글, 메타(옛 페이스북) 등 여타 빅테크 대비 뒤쳐지고 있다는 우려를 받고 있다. 이에 대해 팀쿡 애플 최고경영자(CEO)는 올 8월 실적 발표 컨퍼런스콜에서 “우리도 AI 분야 연구를 계속하고 있다”며 생성형 AI 서비스를 내년께 공개할 것이라는 의사를 내비친 바 있다.애플이 AI 시장에서 가진 잠재력은 상당하다. 포렉스닷컴 조사결과에 따르면 애플은 혁신점수 9.03점으로 삼성전자(9.25점)에 이어 글로벌 2위를 기록 중인데다 무형자산 규모는 2조2970억 달러로 압도적 1위다. 다만 글로벌 주요 기업의 지난해 기준 R＆D 투자액 순위에서 아마존이 817억 달러를 압도적 1위를 기록 중인 반면 애플의 투자액은 293억달러로 구글(294억달러)에도 뒤지는 만큼 보다 공격적 투자가 필요하다는 지적도 제기된다. 참고로 오픈AI의 영리법인 지분 49%를 보유한 마이크로소프트의 R&D 투자액은 272억달러 수준이다.━“AI 답변 늘어날수록 손실”…온디바이스AI 필수애플의 온디바이스 AI 강화는 필수라는 분석도 제기된다. 클라우드 형태로 AI 서비스를 제공할 경우 답변에 따른 ‘지연시간(Latency)’ 문제로 서비스 끊김 이 발생할 수 있는데다, 매 답변시 클라우드를 활용할 경우 연산에 따른 전기요금 및 관련 인프라 구축 등으로 엄청난 비용을 지출해야 하는 탓이다.실제 글로벌 대표 챗봇형 AI 서비스인 오픈AI의 챗GPT는 매 답변 시 10센트 가량의 비용이 들며, 이는 구글이나 빙 등을 활용한 웹검색 시 소요되는 비용 대비 100~200배 많은 수준이다. 클라우드 기반 생성형AI를 무료로 제공할 경우 천문학적 운영비용이 필요한 셈이다.오픈AI의 유료 서비스 ‘챗GPT 플러스’는 지난달부터 신규 이용자 모집을 중단했다.오픈AI의 지난해 영업손실 규모는 5억4000만 달러 수준이며, 올해 손실 규모는 전년 대비 몇 배 불어났을 것으로 전망된다. 이 때문에 오픈AI는 월 20달러를 내면 사용 가능한 유료 서비스 ‘챗GPT플러스’의 신규 가입자 모객을 지난달 중순부터 중단한 상태다. 오픈AI 측은 지난달 ‘일시적으로 신규 가입을 중단하겠다’고 밝혔지만 한달여가량 지난 지금까지도 대기명단에 등록만 가능할뿐 신규 가입은 불가능하다. 챗GPT 플러스에 가입하면 오픈AI의 최신 LLM인 ‘GPT4’ 및 이미지를 만들어 주는 생성형 AI ‘달E(DALL·E)’를 사용할 수 있는데 이들 서비스는 기존 GPT3.5 대비 훨씬 많은 파라미터(매개변수) 및 연산이 필수다. 개별 소비자가 지출하는 월 20달러로는 생성형AI 인프라 구축비용 및 관련 전기요금을 감당하기 힘든만큼, 지속가능한 생성형AI 서비스를 위해서라도 온디바이스AI가 필수인 셈이다.━‘가우스전자’로 변신하는 삼성…AI 주도권 쥔다삼성전자 또한 온디바이스 기반의 AI를 통해 ‘제2의 아이폰 모먼트’로 불리는 생성형AI 시장에서 주도권을 쥐겠다는 계획이다. 삼성전자는 지난달 서울R＆D캠퍼스에서 개최된 ‘삼성 AI 포럼 2023’에서 삼성리서치에서 개발한 생성형 AI 모델 ‘삼성 가우스’를 공개한 바 있다. 삼성 가우스는 △텍스트 생성 모델 △코드 생성 모델 △이미지 생성 모델 등 3가지로 구성돼 있다. 삼성 측은 “삼성리서치가 개발한 다양한 온디바이스 AI 기술이 탑재된 제품을 사용할 경우 소비자들은 개인정보 전송없이 기기 제어, 문장 요약, 문법 교정 등을 더 쉽고 편리하게 이용할 수 있다”며 “삼성전자는 이러한 생성형 AI 모델들을 다양한 제품에 단계적으로 탑재할 계획”이라고 밝힌 바 있다. 삼성 가우스를 활용할 경우 외국인과의 통화 시 실시간 통역 등의 서비스도 가능하다.삼성전자는 온디바이스 AI를 위해 자체 개발한 AP의 AI 성능 강화에도 박차를 가하고 있다. 삼성전자가 올 10월 공개한 ‘엑시노스 2400’은 전작 ‘엑시노스 2200′ 대비 중앙처리장치(CPU) 성능은 1.7배 높였으며 인공지능(AI) 성능은 무려 14.7배 향상시켰다. 삼성전자는 내달 출시하는 갤럭시S24 일반 모델에 엑시노스2400을 탑재할 것으로 알려졌으며, 향후 압도적 AI성능을 기반으로 글로벌 AP 시장에서 엑시노스의 존재감을 높여나간다는 계획이다. 삼성전자는 2019년 선보인 ’엑시노스 9820‘부터 독자 개발한 NPU 아키텍처를 사용 중이다.글로벌 스마트폰 운영체제(OS) 시장의 70% 이상을 차지하고 있는 안드로이드 OS 서비스 업체 구글 또한 온디바이스 AI 시장 개척에 적극적이다. 구글은 이달 공개한 ‘제미나이 나노’ 모델을 두달 전 출시한 ‘구글 픽셀8 프로’에 탑재할 예정으로, 차별화된 온디바이스AI 경쟁력을 보여줄 것으로 전망된다. 제미나이의 ‘나노1’ 모델 매개변수는 18억개, ‘나노2’ 모델 매개변수는 32억5000만개 수준이며 이들 모델의 다운로드 용량은 1GB 수준에 불과해 최적화된 온디바이스AI가 가능할 전망이다.‘제미나이 나노’의 매개변수가 챗GPT의 매개변수(1750억개) 대비 100분의 1 수준인 것을 감안하면 성능에 대한 우려도 제기된다. 반면 구글 측은 스마트폰에 사용할 수 있는 간단한 텍스트형 답변 등은 제미나이 나노 만으로 가능할 것이라 보고 있다. 점점 상향 평준화 되고 있는 스마트폰 시장에서 생성형AI가 핵심 경쟁력으로 부상할 경우, 구글이 삼성전자와 애플의 점유율을 상당부분 앗아갈 수 있는 구조다.━퀄컴·미디어텍 “스마트폰용 AI? 우리 칩 없으면 안돼”이같은 온디바이스 AI 시장 부상에 따라 AP설계 업체들의 신경망칩(NPU) 기술 고도화 경쟁도 격화될 전망이다. 퀄컴은 올 10월 개최된 ‘스냅드래곤 서밋 2023’에서 ‘스냅드래곤8 3세대’를 공개하며 NPU 부문의 경쟁 우위를 강조하고 있다. 알렉스 카투지안 퀄컴 수석부사장은 당시 “6년간의 노력 끝에 퀄컴의 NPU 성능은 스냅드래곤 컴퓨팅에서 100배가량 증가했다”며 “이 중 신규 ‘헥사곤’ NPU는 경쟁사 제품 대비 4배 이상 성능이 뛰어나다”고 밝힌 바 있다. 스냅드래곤8 3세대가 생성형 AI 서비스에 최적화된 제품이라는 뜻이다.실제 스냅드래곤8 3세대는 ‘제미나이 나노’의 매개변수 대비 5배 가량 많은 100억개 가량의 매개변수 처리가 가능하며, 해당 AP에 탑재된 헥사곤 NPU는 45TOPS(1TOPS=1초에 1조번 연산 가능)의 성능을 갖추고 있다.퀄컴이 빅테크와 손잡고 온디바이스AI 시장 판도를 주도할 수 있다는 전망도 제기된다. 퀄컴은 올 7월 메타와의 협업 계획을 밝히며, 메타의 자체 LLM ‘라마2(LLaMA 2)’를 스냅드래곤 최신 모델이 탑재된 스마트폰에서 구동 가능토록 하겠다고 밝힌 바 있다.디멘시티 9300올 2분기 글로벌 AP 시장에서 30%의 점유율(카운터포인트 기준)을 기록하는 등 글로벌 AP 시장에서 수년 째 점유율 1위자리를 지키고 있는 미디어텍 또한 지난달 AI 성능을 강화한 ‘디멘시티9300’을 선보이며 온디바이스AI 시장 장악에 힘을 쏟고 있다.디멘시티 9300에는 미디어텍이 자체 개발한 NPU ‘APU(AI Processing Unit)790’이 탑재됐다. APU790은 현재 생성형AI 기술 표준으로 분류되는 ‘트랜스포머’ 기반 생성형 AI를 전작 대비 8배 가량 빠르게 처리하는 등 AI성능이 크게 강화됐다. 기본 연산속도는 2배 이상인 반면 전력효율은 45% 가량 끌어올린 점도 눈에 띈다.여기에 디멘시티9300은 ‘스냅드래곤8 3세대’ 대비 3배 이상 많은 최대 330억개의 매개변수 처리가 가능하다. LLM을 특정 목적에 최적화해 제공하는 파인튜닝의 일종인 ‘로라(LoRA·Low-Rank Adaptation of Large Language Models) 퓨전’을 사상 최초로 지원하는 점 또한 강점이다.글로벌 1위 파운드리 업체 TSMC의 최대 고객사인 애플 또한 내년도 출시되는 신형 AP의 AI 성능을 보다 업그레이드 할 것으로 전망된다.애플은 이미 최근 선보인 AP에서 AI 성능을 갑절로 끌어올린 바 있다. 애플의 ‘아이폰15 프로’ 라인업에 탑재된 AP ‘A17 프로’에는 애플의 7세대 뉴럴엔진이 탑재됐으며, ‘A16 바이오닉’의 성능인 17 TOPS 대비 2배 이상 높은 35TOPS의 성능을 자랑한다. 다만 퀄컴이 최근 공개한 스냅드래곤8 3세대에 탑재된 헥사곤 NPU가 45TOPS의 성능을 자랑한다는 점에서 이후 출시될 ‘A18 프로’ 라인업의 NPU 성능은 한층 업그레이될 것으로 전망된다. 실제 내년 9월 출시될 ‘아이폰16 프로’ 라인업에 탑재될 것으로 전망되는 A18프로 AP는 TSMC의 2세대(N3E) 3나노 공정으로 제작되며, AP 미세공정 경쟁이 한계에 달한 만큼 AI 성능 고도화를 차별화 포인트로 내세울 것으로 전망된다.━中 비보·샤오미, AI 열풍에 판매량 급증이 같은 온디바이스 AI 시장 확대는 스마트폰 수요 확산으로 이어질 전망이다. 시장조사기관 모건 스탠리는 내년 스마트폰 출하량이 올해 대비 4.0% 늘어나고, 2025년의 성장률은 4.4%에 달할 것으로 전망했다. 골드만삭스 또한 내년 스마트폰 출하량을 올해 대비 3% 증가한 11억8600만대로, 2025년 출하량은 5% 증가한 12억9000만대로 각각 예상하기도 했다.샤오미14이 같은 AI시장 변화에 가장 빠르게 대응하는 곳은 중국이다. 실제 중국 스마트폰 업체 비보는 지난달 신형 스마트폰 ‘X100’과 ‘X100 프로’를 공개했으며, 이들 스마트폰 판매량은 전작의 판매량을 크게 상회하는 것으로 알려졌다. 블루LM의 매개변수는 온디바이스AI에 적합한 70억개 수준으로 알려졌으며, 비보 측은 블루LM의 차별화된 성능이 이 같은 높은 판매량으로 이어졌다는 입장이다. 가성비(가격 대 성능비) 스마트폰의 대명사인 샤오미는 올 10월 AI 성능을 강화한 플래그십 스마트폰 ‘샤오미14’을 출시했으며, 해당 스마트폰의 판매량은 일주일만에 100만대를 넘어서는 등 ‘샤오미가 부활했다’는 평가가 나온다. 샤오미는 올들어 디비털 비서 ‘샤오AI’를 업그레이드 했으며, 샤오AI의 온디바이스AI는 매개변수 60억개 수준으로 알려졌다. 샤오미 또한 온디바이스AI 기능 업그레이드가 판매량 증가로 이어졌다 보고 있다. 중국은 온디바이스AI를 출시하더라도 낮은 기술력 등으로 글로벌 주목도가 덜한 반면, ‘애국소비’ 등으로 자국내 스마트폰 수요는 탄탄하다. 애플·삼성·구글과 같은 글로벌 빅테크 대비 서비스 품질이 조악하더라도, 실험적인 AI 출시가 가능한 이유다.IT 업계 관계자는 “현재 선보이고 있는 생성형AI 서비스는 코딩 등 SW 기반의 단순 반복작업에 활용할 경우 사용성이 높기 때문에 개발자들에게 선호가 높은 반면 일반인들은 일상을 바꿀 만큼의 사용성을 느끼지 못하고 있다”며 “반면 온디바이스 AI 서비스가 본격화 될 경우 문자메시지 작성 및 실시간 통역 등 스마트폰에서 다양하게 활용될 수 있어, 생성형AI 시장 확대의 기폭제가 될 수 있다”고 밝혔다.",서울경제
40,"LK-99 진위 결과는 없고, ‘자중지란’만 있다",이종현 기자,2023.12.11. 오후 4:49,2023.12.11. 오후 4:49,"‘LK-99 연구자’ 권영완 고려대 연구교수 기자회견이석배 대표·김현탁 교수와 논문 투고 놓고 다툼사이언스·네이처 투고했지만 게재 안 돼권영완 교수는 “LK-99, 상온 초전도체 맞다” 주장 “김현탁과 권영완 모두 욕심이 앞서 이번 사태가 발생한 것으로 생각하고 있다.이석배 퀀텀에너지연구소 대표”마침내 입을 열었다. 지난 7월 22일 논문 사전 공개 사이트 ‘아카이브(arXiv)’에 국내 연구진이 상온·상압 초전도 현상을 구현하는데 성공했다는 논문을 게재하면서 여름 내내 전 세계 과학계가 들썩였다. 주인공은 이석배 퀀텀에너지연구소 대표와 김지훈 퀀텀에너지연구소 연구소장, 권영완 고려대 연구교수였다.11일 오후 서울 성북구 고려대학교 R&D센터에서 열린 LK-99 관련 고려대 연구진실성 위원회 조사결과 설명회에서 권영완 교수가 발언 순서를 기다리고 있다./연합뉴스        사실이라면 우리가 알고 있는 과학 교과서가 바뀔 만한 발견이었다. 노벨상급 연구 성과라는 말도 나왔다. 하지만 과학계는 신중했다. 과거에도 상온 초전도체를 만들었다는 주장은 많았지만 사실로 확인된 경우는 없었기 때문이다. 전 세계 연구진이 검증에 착수했고, 수많은 연구진이 모두 LK-99 재현에 실패했다.논문의 주인공들마저 언론을 피하고 입을 닫으면서 LK-99는 자연스럽게 사람들의 기억에서 잊혀지는 듯 했다. 그런데 11일 오후, 아카이브에 올라온 LK-99 첫 논문의 저자 중 한 명인 권영완 교수가 마침내 기자들 앞에 모습을 보였다. 논문이 공개된 지 5개월여 만이다.초전도체는 없고 자중지란만 있다        권영완 교수가 갑자기 기자회견을 자청한 이유는 뭘까. 상온·상압 초전도체나 LK-99에 대한 이야기를 하기 위해서가 아니었다. 이석배 대표와 김현탁 미국 버지니아 윌리엄 앤메리대 교수의 공격에서 자신을 방어하기 위해서였다. 김현탁 교수는 한국전자통신연구원(ETRI)에 재직하다 은퇴 후 미국으로 건너 간 연구자다. 도대체 이들 사이에 무슨 일이 있었던 걸까.고려대 연구진실성위원회는 지난 11월 21일 김현탁 교수가 권 교수를 연구윤리규정 위반으로 조사를 요청한 것에 대해 “연구부정행위에 해당하지 않는다”는 결론을 내렸다. 고려대 연구진실성위원회는 지금까지 LK-99와 관련한 논란을 가장 깊이 있게 파헤친 공신력 있는 기관이다. 5명의 조사위원이 8월 말부터 10월 말까지 네 차례에 걸쳐 회의를 진행했고, 당사자인 김현탁 교수와 권영완 교수, 이석배 대표, 김지훈 소장의 설명을 모두 들은 유일한 기관이기도 하다. 도대체 그동안 무슨 일이 있었던 걸까. 고려대 연구진실성위원회의 조사결과 결정문을 토대로 정리해 봤다.LK-99 연구는 당초 이석배 대표와 권 교수, 김 소장이 함께 진행했다. 권 교수는 이날 기자회견에서 퀀텀에너지연구소에서 초전도체 연구를 시작한 건 2017년부터라고 설명했다. 권 교수는 “2017년 3월쯤 이 대표와 만났고 초전도 관련한 연구를 제안받았다”며 “전자스핀 공명분광기 ‘ESR’을 통해 연구를 하자고 내가 제안했고, 2018년 김지훈 박사가 합류하면서 물질 합성에 본격적으로 착수했다”고 말했다.2021년에 새로운 물질이 나와서 국제학술지 네이처와 사이언스에 투고한 사실도 언급했다. 하지만 네이처와 사이언스가 요구하는 추가 데이터를 마련하지 못하면서 논문이 게재되지는 않았다. 권 교수는 2022년 6월부터 올해 3월까지 퀀텀에너지연구소에서 직접 초전도체 상용화 연구도 진행했다고 밝혔다. 하지만 권 교수에게 각자대표를 약속했던 이 대표가 말을 바꾸면서 둘 사이가 틀어졌다고 한다. 권 교수는 “2017년부터 어떤 것도 바라지 않고 협조를 했는데 나에 대한 믿음이 없다고 하면 더이상 같이 갈 수 없다는 판단에 회사를 나왔다”고 말했다.자석 위에 한 물질이 반쯤 떠 있는 모습. 김현탁 교수는 이 물질이 초전도체라고 주장하고 있다. 하지만 연구의 진위성을 놓고 의구심이 계속되고 있다./김현탁        권 교수가 떠난 뒤 이 대표가 손을 잡은 사람이 김현탁 교수다. 이 대표는 김 교수와 함께 LK-99 연구를 계속 진행했다. 권 교수는 이 사실을 모르고 있다가 올해 7월 17일에 처음 알았다고 한다.권 교수는 “이석배 대표가 메일을 보내서 외국 학자와 같이 논문을 쓰고 있는데 저자로 참여할 것인지 물었다”며 이후 이 외국 학자가 미국에 있는 김현탁 교수라는 사실을 알았다고 말했다. 권 교수는 그동안 연구에 참여하지 않았던 김현탁 교수가 갑자기 나타나 대장처럼 구는 게 이상했다고 전했다. 그동안 연구를 주도한 건 자신인데 김 교수와 이 대표가 연구를 이끄는 모양새가 된 것이 이상했다는 설명이다. 그간의 연구 과정을 김 교수에게 설명했지만, 김 교수는 오히려 “이번에는 저자로만 참여하고 나중에 제1저자를 맡으라”는 식으로 말했다고 권 교수는 전했다.결국 권 교수는 이 제안을 받아들이지 않고 논문에서 빠졌다. 이 대표와 김 교수는 국제학술지 ‘APL머티리얼즈’에 논문을 냈다. 이 논문은 현재 내용을 몇 차례 바꿔서 계속 심사를 받고 있다. 권 교수는 “APL머티리얼즈는 한 달 이면 나올 수 있는 저널인데 시간이 많이 걸린다는 건 어려움이 있다는 말 아니겠냐”고 말했다.권 교수는 APL머티리얼즈 논문과 별개로 7월 22일 아카이브에 자신과 퀀텀에너지연구소가 함께 연구한 LK-99에 대한 논문을 올렸다. 권 교수는 “2017년부터 상당히 긴 시간 동안 모든 것이 다 들어 있는 연구인데 본인(이석배 대표)과 나 사이에 문제가 생겼다고 저자에서 빠지라는 건 연구자 입장에서 받아들일 수 없었다”고 말했다. 그러자 약 2시간이 지나서 이 대표와 김 교수, 김지훈 소장, 오근호 한양대 교수 등이 저자로 참여한 논문이 아카이브에 다시 올라왔다.LK-99 초기 똑같은 논문이 연달아 아카이브에 올라온 것은 논문 저자들 사이의 내분 때문이었던 셈이다. 그리고 이 내분은 LK-99 논란과 함께 시간이 지날수록 더 골이 깊어졌다.고려대 연구진실성위원회는 “부정행위 아니다” 결론        김현탁 교수는 아카이브에 먼저 논문을 공개한 권 교수를 고려대 연구진실성위원회에 조사를 요청했다. 크게 여섯 가지 이유였다. 우선 논문 발표의 우선권을 확보하기 위해 고의로 저자 동의를 지연시키고 자신의 논문을 먼저 발표한 것이 부적절한 집필행위라는 것이다.또 공동 저자인 이석배 대표, 김지훈 소장의 동의 없이 투고한 것과 앞서 ‘한국결정성장학회지’에 게재한 논문의 저자 중 3명을 임의로 제외한 것, 한국결정성장학회지에 게재된 논문 내용을 인용 없이 사용한 것도 연구윤리 위반이라고 주장했다. 김 교수는 권 교수가 자신의 기여도에 대한 과장된 평가를 하고 있고, 초전도의 원리를 설명하는 과정에서 자신의 논문을 표절했다는 주장도 펼쳤다.2021년 퀀텀에너지연구소 단독으로 출원한 LK-99 특허. 논문으로 발표된 LK-99의 물질 정보와 제조법을 포함하고 있다. 권영완 교수와 김지훈 소장, 이석배 대표의 이름이 보인다./키프리스        LK-99 연구를 함께 진행한 연구자들은 쪼개졌다. 김지훈 소장은 권 교수의 편에 섰고, 이석배 대표는 김 교수의 편에 섰다. 이석배 대표는 참고인 조사에서 “초전도 메커니즘은 김 교수가 2021년 사이언틱 리포트에 세계 최초로 발표한 것인데 권 교수가 인용하지 않고 자기 것인 양 주장했으니 해당 논문을 철회해야 한다”며 “김 교수의 논문 제출기회를 빼앗은 것은 사회적 범죄행위”라고 비판했다.반면 김지훈 소장은 “권 교수는 ERP 분석법을 제안해 초전도 연구가 시작될 수 있게 했고, XPS 분석을 통해서 논문 제목에 나오는 화학 조성을 확정했다”며 “김현탁 교수가 처음에는 이걸 그대로 베껴서 논문을 냈다가 지금은 화학실을 베낀 사실이 문제가 될 것이라 여긴 듯 조성 일부를 바꿨다”고 말했다.고려대 연구진실성위원회는 권 교수의 손을 들어줬다. 위원회는 결정문에서 “권영완은 자신의 연구 결과가 포함된 논문을 연구에 참여하지 않은 김현탁이 작성하고, 이에 대해 저자 동의를 요청받는 상황을 수긍할 수 없었기 때문에 김현탁의 저자 동의 요청을 받아들이지 않았다고 판단된다”며 “권영완은 자신이 동의할 수 없는 김현탁의 논문이 투고될 경우, 자신의 연구 결과를 투고할 수 없게 된다는 상황 인식하에서 자신이 작성한 논문을 공저자의 동의를 얻은 후 아카이브에 투고했다”고 밝혔다. 권 교수의 아카이브 논문 투고에 윤리적인 문제가 없다는 설명이다.논문 저자 표시가 잘못됐다는 지적도 모두 받아들이지 않았다. 한국결정성장학회지에 저자로 들어간 임성연, 안수민, 오근호의 경우 실제 연구에 참여하지 않은 사무직 직원과 지인이기 때문에 이들은 논문 저자에 포함하지 않은 건 문제가 없다는 판단이다.표절 의혹에 대해서도 일축했다. 김현탁 교수는 권 교수의 아카이브 논문에 등장하는 ‘structural distortion’이라는 표현이 자신의 논문에서 표절한 것이라고 주장한다. 하지만 위원회는 “이 표현은 김현탁의 논문 이전에도 재료 분야를 포함한 관련 학문 분야에서 일반적으로 사용되는 용어이기 때문에 김현탁 논문의 독창적 아이디어를 표절한 것이라 단정할 수 없다”고 밝혔다.퀀텀에너지연구소 “인정 못 해”        고려대 연구진실성위원회가 권 교수의 손을 들었지만, 양측의 갈등은 계속 이어질 가능성이 크다. 권 교수의 기자회견 직후 방재규 퀀텀에너지연구소 부사장은 조선비즈와의 통화에서 “고려대 연구진실성위원회 결론에 대해 우리도 추가 자료를 보완해서 제출하려고 준비하고 있다”며 “권 교수와 김 소장이 LK-99 연구개발을 전적으로 진행했다는 주장은 일방적이고 사실이 아니다”라고 말했다.방 부사장은 “우리도 계속 연구를 하고 있고, 상업적인 준비도 하고 있다”고 덧붙였다. 앞서 퀀텀에너지연구소는 연세대 양자산업융합선도단과 초전도 물질 공동 연구를 진행하겠다고 발표하기도 했다.이날 권 교수의 기자회견에서도 LK-99의 실체는 확인할 수 없었다. 권 교수는 LK-99 재현에 성공한 연구진이 전 세계 어디에도 없다는 기자들의 질문에 “나는 실험실에서 만들었고, 김지훈 박사도 만들 수 있다”며 “재현 실험은 충분히 진행했고, 지금은 상용화를 염두에 두고 있다”고 말했다. 그렇지만 권 교수는 자신이 만든 LK-99를 공개할 수는 없다고 선을 그었다.그는 최근 씨씨에스 사내이사로 참여한 이유에 대해서도 답을 하지 않았다.",조선비즈
41,질병 유전자 잘라내는 가위 미국도 상용화... 희소병 치료 문턱 낮출 수 있을까,이재명 기자,2023.12.10. 오후 1:01,2023.12.10. 오후 1:01,"'카스제비' 英 이어 美 최종 승인질병 유발 DNA 부위 정밀 절단치료법 없던 유전병 환자에 희망약가 상승 부추기고 윤리 우려도미국 보스턴에 위치한 바이오 기업 버텍스 파마슈티컬스 본사 전경. 연합뉴스DNA가 인간의 유전정보를 담고 있다는 사실이 밝혀진 지 120여 년 만에 인류가 DNA를 고쳐 질병을 치료하는 시대를 맞았다. DNA에서 원하는 부분을 '편집'하는 '유전자 가위' 기술을 치료제로 쓸 수 있게 된 것이다. 현대의학의 질병 정복에 새로운 패러다임이 열릴 거란 전망이 나온다. 하지만 큰 기대만큼 과제도 적지 않다. 정부 규제, 생산 인프라, 치료제 가격 등 신기술을 둘러싼 우려와 해법에도 관심이 쏠린다.미국 식품의약국(FDA)은 자국 바이오 기업 버텍스 파마슈티컬스와 크리스퍼 테라퓨틱스가 공동 개발한 유전자 가위 치료제 '카스제비(미국명 엑사셀)'에 8일(현지시간) 품목허가를 내줬다. 지난달 영국에 이은 두 번째 허가다. 이로써 카스제비는 최신 유전자 가위 기술인 '크리스퍼(CRISPR)' 기반의 첫 신약으로 영국과 미국 의료현장에서 쓰이게 됐다.유전자 가위=안내 물질+효소 단백질 크리스퍼 유전자 가위 기술을 활용한 유전자 편집 개념도. 유전자의 특정 부위(왼쪽 그림 빨간색 부분)를 찾아내 정확히 잘라낸(가운데 그림 회색 부분) 다음, 이어 붙이거나 새 유전자 조각을 끼워넣을(오른쪽 그림 파란색 부분) 수 있다. 크리스퍼 테라퓨틱스 제공크리스퍼는 2020년 노벨 화학상을 받은 혁신적인 기술로, 정확한 명칭은 '크리스퍼 캐스9(CRISPR-Cas9)'이다. '캐스9(Cas9)'은 DNA를 잘라낼 수 있는 효소 단백질이다. 이를 DNA의 특정 위치로 데려다주는 안내 물질(가이드 RNA)과 결합시켜 세포 안에 넣으면, 가이드 RNA가 가리키는 위치를 캐스9이 정밀하게 절단한다. 절단된 DNA가 자연 복구되는 과정 중에 다른 유전자를 끼워 넣을 수도 있다. 유전자의 원하는 부위를 제거하거나 필요한 유전자를 삽입해 질병을 치료하는 것이다. 카스제비는 마땅한 치료법이 없는 흑인 유전병인 겸상 적혈구 빈혈증 치료에 이 기술을 적용한 약이다. 미국에서 환자가 10만 명 정도로 보고된  이 병은 혈액 속 헤모글로빈이 유전자 변이에 따라 낫 모양으로 변하면서 심한 혈류 방해, 뇌졸중, 장기 부전 등을 일으킨다. 카스제비는 환자에게서 줄기세포를 추출해 낫 모양 헤모글로빈을 생성하는 특정 유전자(BCL11A)를 제거한 뒤 다시 환자의 몸에 주입하는 방식이다. BCL11A가 없는 유전자로만 이뤄진 줄기세포가 몸 안에서 자라면 낫이 아닌 원반 모양의 정상 헤모글로빈이 지속해서 생성된다.카스제비는 겸상 적혈구 빈혈증 치료용이지만, 가이드 RNA가 가리키는 표적 유전자를 바꿔 설정하면 다양한 질병에 크리스퍼 유전자 가위를 응용할 수 있다. 글로벌 시장조사업체 프리시던스 리서치 기준 세계 유전자 편집 시장 규모는 올해 80억4,000만 달러(10조6,000억 원)에서 연평균 15.7% 성장해 2032년에는 299억3,000만 달러(39조5,000억 원)에 달할 것으로 전망된다. 후속 임상시험들도 활발하다. 헬스케어 컨설팅업체 아이큐비아에 따르면 세계적으로 20개 기업에서 39건의 임상이 진행되고 있는데, 특히 혈액학(14건)과 항암(16건) 분야가 많다. 진행 중인 임상의 약 59%는 1상 단계인 것으로 파악된다. 크리스퍼 유전자 가위는 최신 기술이라 선두그룹과 격차가 크지 않은 만큼, 국내에서도 상용화 연구가 활발하다. 유전자 가위 관련 다수 특허를 보유한 바이오 기업 툴젠은 이 기술을 적용해 희소질환인 샤르코-마리-투스병 치료제를 개발 중이다. 진코어는 유전자 가위 플랫폼으로 신경세포 기능 저하를 치료하는 기술을 개발할 계획이다.다른 의도로 유전자 편집한다면... 크리스퍼 유전자 가위는 개발된 지 약 10년밖에 안 된 만큼 아직 기술적 한계가 적지 않다. 이를테면 실제 치료용으로 상용화할 만큼 이 기술을 정밀하게 다룰 수 있는 고급 인력이 소수다. 그러니 개발 속도를  끌어올리는 데 제한이 있고, 개발사는 약가를 높게 책정하게 된다. 카스제비의 경우 치료 비용이 220만 달러(29억 원)에 달한다. 유전자 가위로 치료하려는 질병도 아직은 유전병 같은 희소질환에 한정되는 경향이 있다.유전자를 직접 다루는 신기술이다 보니 규제기관으로부터 안전성과 유효성을 넘어 생명윤리 측면에서 엄격한 가이드라인 준수를 요구받는다. 혹시 모를 부작용이 나타날 가능성을 배제할 수 없는 데다, 치료 외에 다른 목적으로 유전자를 편집하는 시도가 나타날까 우려돼서다. 적절한 규제를 병행하되 개발을 늦추진 말아야 한다는 시각과, 어떤 부정적 영향이 생길지 모르니 조심스럽게 발전시켜야 한다는 목소리가 공존하는 상황이다.연관기사• 미 FDA, 첫 유전자가위 치료법 승인… 겸상적혈구병 치료 길 열렸다(www.hankookilbo.com/News/Read/A2023120913440004605)",한국일보
42,"‘6G 상용화 대비해야’...한국통신학회, 이동통신산업 워크숍 개최",정호준 기자,2023.12.11. 오후 4:03,2023.12.11. 오후 4:03," 한국통신학회 워크숍 포스터 [출처 = 한국통신학회]대한민국의 이동통신 산업의 현황을 점검하고 향후 다가올 6G 시대에 대비하기 위한 논의의 장이 열렸다.한국통신학회는 11일 서울시 강남구 한국과총회관에서 ‘대한민국 통신의 과거, 현재, 미래 워크샵’을 진행했다.1부 발제자로 나선 윤종록 전 미래창조과학부 차관은 “지난 20년간 정보통신기술(ICT) 산업은 한국 경제를 견인해왔다”며 “통신은 모든 산업의 필수 비타민 같은 존재로, 외연 확장이 필요하다”고 제언했다.이종관 법무법인 세종 수석전문위원은 그동안 대한민국의 이동통신 서비스의 주요 성과에 대해 설명했다. 이 위원은 “국내 이동통신은 선제적 기술개발과 투자, 신규서비스 조기 상용화를 통해 세계 최고 수준의 서비스를 제공하고 있다”면서 글로벌 정보통신기술(ICT) 패권국가로서 위상을 재정립하기 위해서는 통신사업자 스스로의 지속적인 혁신 노력과 정부의 정책적 지원이 필요하다고 말했다.2부에서는 다가오는 6G 통신에 대한 논의도 진행됐다. 현재 한국의 경우 9월 말 기준 5G 가입자 수는 약 3180만명으로, 5G 이동통신 또한 포화에 다다른 상황이다. 전 세계 이동통신업계는 2030년 상용화를 목표로 6G 관련 기술 개발에 뛰어들고 있다.발제자로 나선 한진규 삼성전자 상무는 차세대 이동통신 발전 방향에 대해 설명하며 “인공지능(AI) 네이티브, 지속가능한 네트워크, 유비쿼터스 커버리지, 양자 보안 등이 6G의 핵심 기술이 될 것”이라고 내다봤다.이어진 토론에서 송철 한국통신사업자연합회(KTOA) 대외협력실장은 6G에 대한 이동통신사의 노력과 함께 정부의 지원 필요성을 설명했다.송 실장은 “우리나라가 5G에 이어 6G에서도 선도적으로 기술개발과 상용화를 이루어낸다면 여러 가지 측면에서 국제적인 경쟁력을 강화하는 효과를 가져올 수 있을 것”이라며 “6G 관련 고급 인력을 양성 프로그램을 포함한 정부의 정책적 지원이 필요하다고 판단된다”며 6G 시대를 대비하기 위한 정부 차원의 지원을 강조했다.또한 송 실장은 이동통신3사는 2030년으로 예상되는 6G 상용화 계획을 적극 지원하고 적시 서비스 제공을 위해 부단히 노력할 것이라고 덧붙였다.",매일경제
43,"엔씨소프트, 김택진-박병무 공동대표 체제로…창사 이래 처음(종합)",김주환 기자,2023.12.11. 오후 2:47,2023.12.11. 오후 2:48,"""법조인 출신 전문경영인""…창업자와 고교-대학 동문박병무 엔씨소프트 신임 공동대표[엔씨소프트 제공. 재판매 및 DB 금지](서울=연합뉴스) 김주환 기자 = 국내 대표 게임사 중 하나인 엔씨소프트가 창사 이래 처음으로 공동대표 체제로 전환한다.    엔씨소프트는 박병무 VIG파트너스 대표를 공동대표 후보자로 영입했다고 11일 밝혔다.    1961년생인 박 신임 공동대표는 서울대 법학과 출신으로 1985년 사법연수원을 15기로 수료하고 해군 법무관을 거쳐 김·장 법률사무소 변호사로 법조계에 발을 디뎠다.    함께 회사 경영을 이끌어 나갈 김택진 창업자와는 고교(서울 대일고) 및 대학(서울대) 동문이다.    기업 인수·합병(M&A) 전문 변호사로 활동하던 박 신임 대표는 2000년 플레너스엔터테인먼트(구 로커스홀딩스) 대표를 맡으면서 경영자로 나섰다.    이후 TPG 아시아(뉴브리지캐피탈) 한국 대표 및 파트너, 하나로텔레콤 대표, VIG파트너스 대표 등을 역임했다.    엔씨소프트는 박 신임 공동대표에 대해 ""기업 경영, 전략, 투자와 관련한 경험과 식견을 갖춘 전문 경영인""이라고 밝혔다.    그러면서 ""신성장 동력을 발굴하고 글로벌 기업으로 도약하는 '컴퍼니 빌딩' 전략을 중장기적으로 가속화하기 위해 박 대표를 영입했다""고 덧붙였다.    엔씨소프트는 1997년 이후 줄곧 김택진 창업자의 단독 대표이사 체제로 운영돼왔다.    그러나 올해 들어 경영 실적이 악화하면서 '변화경영위원회'를 출범하고 조직·의사결정 체계 개편과 비용 구조 개선, 신성장 동력 강화 방안 등을 전반적으로 논의하고 있다.    박 후보자는 내년 초 이사회와 주주총회를 거쳐 정식으로 선임될 예정이다.jujuk@yna.co.kr",연합뉴스
44,친숙한 한국어 더빙으로 '한국인 구독자' 끌어모았다…'미스터 비스트' 1등 유튜브 전략,김은하 기자,2023.12.11. 오전 9:04,2023.12.11. 오후 4:03,"전 세계 구독자 수 2위 '미스터비스트''오징어게임' 실제로 개최하기도유튜브에서 올해 가장 많은 구독자를 늘린 크리에이터는 내국인이 아닌 외국인인 것으로 집계됐다. 그 주인공은 미스터비스트(MrBeast)다.11일 구글코리아 유튜브 컬처&트렌드 팀에 따르면 올해 1∼10월 구독자 수 변동 기준으로 집계된 '올해 유튜브 국내 최고 인기 크리에이터'는 미국의 유명 유튜버인 지미 도널드슨의 유튜브 채널 '미스터비스트'(MrBeast)에 돌아갔다. 그는 현재 2억 1700만명에 달하는 구독자를 보유 중이다.사진출처=미스터비스트 유튜브 화면 캡처국내 이용자에게는 넷플릭스 드라마 ‘오징어게임’과 관련된 콘텐츠로 존재를 알렸다. 그는  ‘오징어게임’을 실제로 개최했다. 그는 한국에서도 인기 조짐이 보이자 한국어 더빙을 제공해 구독자를 끌어모았다. 최근에는 대형 마트에 갇혀 매일 살아남을 때마다 1만달러(약 1300만원) 씩 상금을 주는 생존 프로젝트를 진행해 국내에서도 연일 보도된 바 있다. 규칙은 도전자가 매일 1만달러를 받는 대신 그 대가로 마트에 있는 상품 1만달러 치를 반납하는 것이었는데 도전자는 마트에서 45일을 버텨 45만달러를 따낸 뒤 도전을 종료했다.미스터비스트는 2023년 기준 전 세계 구독자 수 2위, 팀 유튜버로는 구독자 수 1위인 유명 유튜버이다. 2022년 7월 구독자 수 1억명을 달성해 레드 다이아몬드 플레이 버튼을 수상했으며, 마트에서 생존하기 콘텐츠 이외에도 ▲노숙자에게 빈집 선물하기 ▲1000명의 시각장애인 치료하기 ▲나무 2천만 그루 심기 등 공익적 콘텐츠도 진행하고 있다.사진출처=유튜브미스터비스트 뒤로는 '지식인사이드', '짤컷', '뜬뜬 DdeunDdeun', 'ootb STUDIO', '이비온', '찐한형 신동엽', '띱 Deep', '피식대학 Psick Univ', '빠니보틀 Pani Bottle'이 순서대로 구독자를 많이 모았다.지난해 대비 구독자 수가 200% 이상 증가한 채널을 대상으로 선정하는 ‘급상승 크리에이터’에는, 요리하는 모습을 꾸밈없이 솔직하게 공유하는 ‘다해’가 1위를 차지했다.지난해에 이어 올해도 독특한 콘셉트를 기반으로 솔직 담백한 이야기를 나누는 토크쇼가 인기를 끌었다고 구글코리아는 분석했다.아이브의 '아이 엠', MV도 쇼츠도 싹쓸이올해 유튜브 국내 최고 인기 뮤직비디오는 아이브(IVE)의 '아이 엠'(I AM)이 차지했다.이 곡의 인기는 쇼츠(짧은 호흡의 영상)로 이어졌다. 올해 유튜브에 올라온 쇼츠 가운데 국내에서 가장 높은 조회 수를 기록한 영상은 가수 이영지의 채널에 게시된 걸그룹 아이브의 '아이 엠' 댄스 챌린지 영상인 '이게 나다'가 차지했다.",아시아경제
45,"SKT ""뇌톡톡으로 치매 예방""…치매 진행율 5분의 1로 감소",이승우 기자,2023.12.11. 오전 10:12,2023.12.11. 오전 10:14,"SK텔레콤은 자사 인공지능(AI) 스피커를 기반으로 만든 기억훈련 프로그램 ‘두뇌톡톡’이 노인 치매 진행을 낮추는 효과가 있는 것으로 평가됐다고 11일 발표했다.이 회사는 2021년 6월부터 올해 6월까지 2년간 충남 부여군에 거주하는 노인들을 대상으로 치매 예방 사회성과 보상(SIB) 사업을 진행해 치매 고위험군인 경도인지 장애자를 대상으로 인지치료와 AI 기반 두뇌톡톡 서비스 등을 제공했다. 경도인지장애는 동일 연령대와 비교해 기억력이나 기타 인지기능 가운데 한 가지 영역 이상에서 저하가 있지만 일상생활은 할 수 있는 수준의 장애를 뜻한다.사업 평가기관인 인제대 일산백병원에 따르면 사업 기간 경도인지장애 노인 30명 중 1명만 치매가 진행됐다. 경도인지장애 단계에서 치매로 확진된 비율(치매 이환율)은 3.24%로 집계됐다.통상적인 경우 연간 치매 이환율이 15% 수준인 것과 비교하면 낮은 수치라는 게 SK텔레콤의 설명이다. 일산백병원 측은 사업 기간이 1년 남았지만, 현재까지의 성과로도 두뇌톡톡 프로그램의 효과를 확인할 수 있다고 평가했다.이번 부여군 사회성과 보상 사업은 팬임팩트코리아를 운영기관으로 ㈜마음꼭과 행복커넥트, 차의과학대학교 산학협력단이 수행했다. 행복나눔재단, 한국사회가치연대기금, 엠와이소셜컴퍼니는 민간투자자로 참여했다.사회성과 보상 사업은 복지·보건·교육·고용·주거·문화·환경 등 공공사업에 대한 초기사업비를 민간투자로 충당하고, 목표가 달성되면 약정 기준에 따라 정부나 지자체가 예산을 집행하는 방식이다.SK텔레콤은 두뇌톡톡 기반 사회성과 보상 사업이 고령화가 빠르게 진행되는 지방자치단체의 인적·물적 부담을 덜고 노령화 사회에 대비할 수 있는 방책이 될 것으로 기대하고 있다. 지자체 입장에서는 사회성과 보상 사업 성공 이후 예산을 투입하는 방식으로 효율적 추진이 가능하다.앞서 이준영 서울대 교수 연구팀은 2021년 의료정보학·헬스케어 분야 저명 국제 학술지인 ‘JMIR(Journal of Medical Internet Research)’에 두뇌톡톡을 지속 이용한 노인들의 장기 기억력이 13% 향상되고, 작업 기억력이 11.4%, 언어 유창성도 15.5% 향상되는 등 치매 발현 지연에 유의미한 효과를 확인했다는 연구 결과를 발표했다.엄종환 SK텔레콤 ESG혁신담당은 “SK텔레콤의 AI 기술 기반 인지훈련 서비스를 통해 치매 이환율을 낮추는 효과가 있다는 점을 확인했다”며 “초고령사회에 대비해 노인 인구에 도움이 되는 AI 서비스를 확산시키고 고도화하는 노력을 계속할 것”이라고 말했다.",한국경제
46,"옥중 수상 노벨평화상, 망명한 자녀가 대신 받아",강훈상 기자,2023.12.11. 오전 12:33,2023.12.11. 오전 12:34,"나르게스 모하마디 대신 노벨평화상을 수상한 두 자녀[NTB/로이터 연합뉴스 자료사진 재판매 및 DB 금지]    (서울=연합뉴스) 강훈상 기자 = 수감 중 올해 노벨평화상 수상자로 선정된 이란 여성 인권운동가 나르게스 모하마디(51) 대신 그의 자녀가 10일(현지시간) 상장과 메달을 받았다고 AFP통신 등이 보도했다.    이날 노르웨이 오슬로 시청에서 열린 노벨평화상 시상식엔 모하마디의 17세 쌍둥이 딸 키아나와 아들 알리가 대리 수상자로 등장했다. 이들은 2015년 아버지와 함께 파리로 망명했다.    이들이 대독한 수상 소감에서 모하마디는 이란 정권을 '폭압적이며 반여성적 종교 정부'라고 맹비난했다.    그러면서 ""나는 중동의 여자다. 그리고 풍성한 문명을 보유했음에도 지금은 전쟁, 테러리즘과 극단주의의 불 가운데 있는 종교(이슬람) 출신""이라고 자신을 규정하면서 ""이란 국민은 끈질김으로 장애물과 폭정을 해체할 것""이라고 말했다.    이어 ""정부에 의한 히잡 강제 착용은 종교적인 의무도, 전통문화도 아니다""라며 ""사회 전반적인 권위와 복종을 유지하려는 수단일 뿐""이라고 비판했다.    이날 시상식 무대엔 참석하지 못한 모하마디를 위해 빈 의자가 놓였다.    모하마디는 이란의 여권 신장에 앞장선 대표적 인권운동가로, 불법 시위를 주도하는 등의 혐의로 현재 구속 중이다.모하마디의 빈 자리[NTB/로이터 연합뉴스 자료사진 재판매 및 DB 금지]    hskang@yna.co.kr",연합뉴스
47,"""중국 우라늄 사재기 나섰다…서방 에너지 공급망 위협""",신기림 기자,2023.12.11. 오전 10:00,2023.12.11. 오전 10:02,"원자재 투자회사 옐로우케이크 CEO FT 인터뷰우라늄 가격 15년래 최고…서방, 우라늄 확보 뒤처져지난 2010년 6월5일(현지시간) 인부들이 카자흐스탄 타이코누르 정착지 인근의 잉카이 우라늄 광산에서 '우라늄정광'(옐로우케이크)로 가득 찬 드럼통을 확인하고 있다. 2010.05.20/뉴스1 ⓒ 로이터=뉴스1 ⓒ News1 김민수 기자(서울=뉴스1) 신기림 기자 = 중국이 핵원료 우라늄 사재기에 나서면서 서방의 에너지 공급에 위협을 가하고 있다는 전문가 경고가 나왔다. 런던 증권시장에 상장된 원자재 투자회사 옐로우케이크(우라늄 정광이라는 의미)의 앙드레 리벤버그 최고경영자(CEO)는 10일(현지시간) 파이낸셜타임스(FT)와 인터뷰 기사에서 이 같이 밝혔다. 우라늄 가격이 15년 만에 최고를 기록하는 가운데 중국 기업들이 우라늄 물자를 구매하고 장기계약을 체결하며 광산을 매입해 서방이 우라늄 확보에서 뒤처지고 있다고 그는 지적했다. 리벤버그 CEO는 중국이 ""필요한 광물이면 무엇이든 사들이려고 할 것""이라고 말했다. 중국이 공급을 확보하며 자원 경쟁이 야기될 것이며 자원 기회가 제한적인 서방의 공급망은 다시 도전을 받을 것이라고 그는 경고했다.FT에 따르면 중국국영우라늄공사와 중국핵전집단공사(CGN)의 자회사인 중국핵전집단(CNUC)은 이미 니제르, 나미비아, 카자흐스탄의 광산 지분을 인수했다. CNUC는 카자흐스탄 국경 옆 신장 지역에 주요 우라늄 거래 허브 역할을 할 창고를 건설 중이다. 우라늄은 최근 파운드당 81달러까지 거래돼 2007년 이후 최고를 경신하며 올들어 70% 급등했다. 2011년 후쿠시마 원자력발전소 사고 이후 10년 동안 신규 생산에 대한 투자가 부족하고 원전 시장이 위축됐다. 하지만 지난해 가스가격이 치솟자 신규 원자로 건설 검토가 이어졌다. 또 원자력은 기후위기 속에 저탄소 에너지원으로 각광을 받으며 원자력 광물 우라늄의 가격도 다시 강세를 보이는 것이다. 세계에서 두 번째로 큰 원자력 생산국인 중국은 전 세계에서 건설 중인 원자로의 거의 절반을 차지한다고 FT는 전했다. 리벤버그 CEO는 ""중국은 새로운 공급처를 찾기 위해 동분서주하고 있다""고 전했다. 중국은 우라늄 수요의 3분의 1을 국내에서 생산하고, 3분의 1은 해외 광산 투자를 통해 확보하며, 나머지 3분의 1은 해외 시장에서 구매한다는 핵연료 자급자족 목표를 세웠다. 반면 서방은 전세계 우라늄 농축 능력의 절반을 장악하는 러시아에 의존하고 있다고 FT는 지적했다. 리벤버그 CEO는 러시아가 서방에 대한 핵연료 공급을 중단하면 전력회사들이 독립적인 공급망을 구축하는 데 5년이 걸리는 등 혼란에 직면할 것이라고 덧붙였다.",뉴스1
48,일본 홋카이도 해안 정어리 집단 폐사…“원인 불명”,이승준 기자,2023.12.11. 오전 10:45,2023.12.11. 오후 5:53,"7일 일본 홋카이도 하코다테의 한 해변에 떠밀려온 폐사한 정어리떼. AP 연합뉴스최근 일본 홋카이도 해안에 집단 폐사한 물고기떼가 해변을 덮는 일이 발생했다. 11일 일본 아사히신문, 미국 에이피(AP)통신 등의 보도를 보면 지난 7일 일본 홋카이도 남부 하코다테시 해안에 폐사한 정어리와 고등어떼가 몰려와 해변을 약 1㎞가량 덮었다. 지역주민들도 처음 경험한 일로, 하코다테시는 누리집에 주민들에게 “원인이 불분명하기 때문에 가져오지 않기를 부탁드린다. 향후 대응을 검토 중이다”고 공지했다. 아사히신문은 폐사한 물고기들이 1000t을 넘을 수도 있다며 시에서 9일부터 처리에 나섰다고 전했다. 7일 일본 홋카이도 하코다테의 한 해변에 떠밀려온 폐사한 정어리떼. AP 연합뉴스하코다테 수산연구소 후지오카 다카시 연구원은 에이피 통신에 “이전에도 비슷한 현상 있다는 걸 들어본 적이 있지만 실제로는 처음 봤다”며 “물고기들이 포식자에 쫓기고, 밀집한 형태로 이동하는 동안 산소부족으로 탈진해 파도에 떠밀려 왔을 수도 있다”고 말했다. 그는 “물고기들이 정확히 어떻게 밀려왔는지 알 수 없어 먹는 것을 추천하지 않는다”고 덧붙였다.국내도 지난해 가을 경남 진해만에서 정어리가 집단폐사해 조사에 나선 바 있다. 당시 국립수산과학원은 “대규모 정어리 떼가 내만(육지·섬으로 둘러싸인 바다)으로 들어왔다가 빈산소수괴(산소 부족 물덩어리) 영향에 따른 산소 부족으로 질식사한 것으로 판단한다”고 밝혔다. 다만 국립수산과학원도 해양 전문가들도 정확한 원인을 규명하기 위해 추가 조사가 필요하다는 의견을 내놓았다. 다만, 후쿠시마 원전 오염수 방류로 수산물 수입을 금지한 주변국들이 촉각을 세우는 모양새다. 특히 중국 포털사이트 바이두를 보면 여러 언론이 관련 소식을 보도하며, 누리꾼들이 오염수 방류와 관계있는 것 아니냐는 눈길을 보내고 있다는 내용을 전하고 있다. ",한겨레
49,필리핀 선박에 ‘물대포’ 퍼부은 중국 해경…이틀째 책임 공방 이어져 [현장영상],서다은 기자,2023.12.10. 오후 7:15,2023.12.10. 오후 7:20," 중국과 필리핀이 영유권 분쟁지역인 남중국해에서 이틀째 충돌을 이어가고 있습니다.오늘(10일) 오전 중국 해안경비대는 위챗(중국판 카카오톡) 공식 계정을 통해 필리핀 해안경비대 선박 2척, 관용선 1척, 보급선 1척이 중국 정부의 승인 없이 스프래틀리(중국명 난사·필리핀명 칼라얀) 군도 세컨드 토머스(중국명 런아이자오·필리핀명 아융인) 암초 인근 해역에 침입함에 따라 단속을 했다고 밝혔습니다.아울러 ""오전 6시 39분 필리핀 어선 '우나이자 메이' 1호 함정이 거듭된 경고를 무시, 국제해상충돌방지규칙을 위반하여 비전문적이고 위험한 방식으로 방향을 틀었고 평소대로 운항하던 우리 해경 21556호에 고의적으로 충돌해 배에 흠집이 생겼다""며 ""책임은 전적으로 필리핀에 있다""고 주장했습니다.하지만 필리핀 해안경비대 대변인 제이 타리엘라는 소셜미디어 엑스(X)에 ""'M/L 칼라얀' 호가 심각한 엔진 손상을 입었으며 중국 해안경비대의 허위 정보와는 달리 '우나이자 메이' 1호가 중국 해안경비대 선박에 부딪혔다""고 게시했습니다.전날(9일)에도 중국 해경이 남중국해 스카버러 암초(중국명 황옌다오·필리핀명 바조데마신록) 인근에서 필리핀 선박에 물대포를 쐈습니다.로이터 통신 등에 따르면 필리핀은 이날 남중국해 스카버러 암초 인근에서 중국 해경선이 자국 수산국 선박에 물대포를 발사했다며 ""중국이 불법적이고 공격적인 행동을 했다""고 밝혔습니다.또, 물대포로 인해 필리핀 선박의 통신 및 항법 장치가 손상됐다고도 했습니다.필리핀 수산국 선박은 필리핀 어선에 정기적인 식료품 배급 임무를 수행하던 것으로 알려졌습니다.2016년 국제상설재판소(PCA)는 중국의 영유권 주장이 국제법상 근거가 없다고 판결했지만, 이를 무시하고 베트남, 필리핀 등 주변 국가들과 마찰을 빚고 있습니다.중국은 지난 8월과 지난달에도 남중국해 스프래틀리 군도 세컨드 토마스 암초 인근에서 필리핀 선박을 향해 물대포를 쐈습니다.■ 제보하기▷ 전화 : 02-781-1234, 4444▷ 이메일 : kbs1234@kbs.co.kr▷ 카카오톡 : 'KBS제보' 검색, 채널 추가▷ 네이버, 유튜브에서 KBS뉴스를 구독해주세요!",KBS
50,"아르헨 밀레이 대통령 취임 ""최악 정부 물려받아…개혁만이 해법""",표언구 기자,2023.12.11. 오전 8:15,2023.12.11. 오전 8:17,"극심한 경제 위기 속에 치러진 아르헨티나 대통령 선거에서 당선된 하비에르 밀레이(53) 대통령이 현지 시간 10일 취임식을 갖고 4년 임기를 시작했습니다.밀레이 대통령은 이날 오전 부에노스아이레스에 있는 연방의회에서 전통에 따라 퇴임하는 알베르토 페르난데스 대통령으로부터 어깨띠를 넘겨받은 뒤 취임선서를 하고 공식적으로 대통령직에 올랐습니다.이 자리에선 빅토리아 비야루엘 부통령도 별도로 취임 선서를 했습니다.밀레이 대통령은 이날 선서 후에 연설 없이 퇴장했습니다.연방의회에서 취임 선서 후 별도의 메시지를 내지 않은 대통령은 지난 1983년 민주화 이후 밀레이 대통령이 처음인 것으로 알려졌습니다.이어 밀레이 대통령은 의회 앞 광장으로 나와 미리 준비된 연단에서 취임 연설을 통해 경제위기 극복 과정에 더 험난한 어려움이 닥칠 수 있음을 경고하면서 강력한 개혁을 통한 경제난 해결 의지를 천명했습니다.밀레이 대통령은 ""아르헨티나 국민은 되돌릴 수 없는 변화에 대한 의지를 강력하게 표명했다""며 ""우리는 수십 년간의 실패와 내분, 무의미한 분쟁을 묻어버리고, 폐허처럼 변한 사랑하는 조국을 다시 일으켜야 한다""고 말했습니다.그는 ""현재보다 더 나쁜 유산을 받아 든 정부는 없다""고 단언한 뒤 ""재정 및 수출 쌍둥이 흑자를 자랑하던 전 정부는 오늘날 우리에게 국내총생산(GDP) 17%에 달하는 쌍둥이 적자를 남겼다""면서 ""아르헨티나는 현재 연간 1만 5천%에 달하는 인플레이션을 겪을 위험에 직면해 있다""고도 경고했습니다.순간 술렁이는 청중을 향해 밀레이 대통령은 ""우리 정부는 초인플레이션의 재앙을 피하기 위해 할 수 있는 모든 걸 할 것""이라면서 ""GDP 5%에 달하는 공공 부문 재정 조정을 비롯해 강력한 경제난 극복 정책 외에는 대안이 없다""고 강조했습니다.밀레이 대통령은 평화와 번영의 시대를 약속하며 ""국가를 전리품으로 간주하여 친구들에게 나눠주는 모델은 종식할 것""이라고 덧붙였습니다.이어 자유 만세, 빌어먹을을 뜻하는 ""비바 라 리베르타드, 카라호""라는 특유의 구호를 3번 외치며 시민들의 환호를 끌어냈습니다.리베르타드는 그의 소속 정당(자유전진당) 약칭이기도 합니다.이날 행사에는 '정권 실세'로 꼽히는 대통령 여동생 카리나 밀레이와 1기 내각(수석 장관 및 9개 부처 장관)과 참모진 등도 함께 했습니다.취임식 이후 마요대로를 따라 카퍼레이드를 한 밀레이 대통령은 대통령궁(카사 로사다)에 첫발을 들였습니다.그의 곁에는 카리나가 함께 했습니다.자유주의 경제학자 출신으로 극우 성향 정치인으로 꼽히는 밀레이 대통령은 하원의원으로 정치에 발을 들여놓은 지 2년여 만에 대통령에 취임했습니다.그는 지난 8월 대통령 선거 예비선거(PASO)에서 '깜짝 1위'로 돌풍을 일으킨 뒤 10월 본선에서 2위에 올랐고, 지난 달 19일 결선투표에서 좌파 집권당의 세르히오 마사(52) 전 경제장관을 11.3%포인트 차로 따돌리는 역전극을 펼치며 대권을 거머쥐었습니다.선거 과정에 '전기톱 퍼포먼스 유세'를 벌이는 등 돌출적인 언행으로 국가 개혁에 대한 강력한 의지를 과시하고 기성 정치권과 차별화를 시도했으며, 중앙은행 폐쇄와 아르헨티나 페소화를 달러화로 대체하겠다고 약속하는 등 '과격한' 공약을 내세우기도 했습니다.하지만 여소야대 국면 속에 첫 내각을 온건파로 꾸리며 중앙은행 폐쇄와 달러화 도입 등 주요 공약 이행의 속도 조절을 예고했습니다.다만, 18개의 기존 정부 부처를 획기적으로 줄이는 안은 이미 시행했고, 주요 공기업 민영화는 곧바로 진행하겠다는 뜻을 밝혔습니다.취임 행사 직후 밀레이 대통령은 정부 부처 장관을 비공개로 임명했습니다.현지 매체들은 ""일정 공지 없이, 언론에 공개하지도 않은 채 장관 임명식을 진행한 건 전례 없는 일""이라고 비판을 쏟아냈습니다.특히 여동생 카리나를 비서실장에 전격 임명했습니다.일간 클라린은 ""배우자를 포함한 친족을 대통령실과 부처를 포함한 공직에 들일 수는 없다는 기존 규정을 대통령실에서 폐기한 것으로 보인다""며 이는 현지 매체들조차 예상치 못한 상황이라고 전했습니다.이날 취임식에는 가브리엘 보리치 칠레 대통령을 비롯한 남미 주변국 정상, 볼로디미르 젤렌스키 우크라이나 대통령, 빅토르 오르반 헝가리 총리, 자이르 보우소나루 전 브라질 대통령 등이 참석해 밀레이 대통령의 취임을 축하했습니다.한국에서는 방기선 국무조정실장이 경축 특사로 자리했습니다.밀레이 대통령은 자신의 취임식에 참석한 젤렌스키 우크라이나 대통령과 첫 정상 회담을 하고, 연대와 지지 의사를 전했습니다.이날 퇴임한 크리스티나 페르난데스 전 부통령(2007∼2015년 대통령 재임)은 취임 행사 참석 과정에서 자신을 향해 야유하는 시민들을 향해 가운뎃 손가락을 들어 보이는 욕설을 했다고 현지 일간지인 라나시온은 보도했습니다.이 모습은 동영상으로도 촬영됐습니다.(사진=AP, 연합뉴스)",SBS
